Innings Player,Innings Runs Scored,Innings Runs Scored Num,Innings Minutes Batted,Innings Batted Flag,Innings Not Out Flag,Innings Balls Faced,Innings Boundary Fours,Innings Boundary Sixes,Innings Batting Strike Rate,Innings Number,Opposition,Ground,Innings Date,Country,50's,100's,Innings Runs Scored Buckets
RG Sharma,118,118,61,1,0,43,12,10,274.41,1,v Sri Lanka,Indore,22-12-2017,India,0,1,100-149
RG Sharma,111*,111,95,1,1,61,8,7,181.96,1,v West Indies,Lucknow,06-11-2018,India,0,1,100-149
KL Rahul,110*,110,84,1,1,51,12,5,215.68,2,v West Indies,Lauderhill,27-08-2016,India,0,1,100-149
RG Sharma,106,106,79,1,0,66,12,5,160.6,1,v South Africa,Dharamsala,02-10-2015,India,0,1,100-149
KL Rahul,101*,101,-,1,1,54,10,5,187.03,2,v England,Manchester,03-07-2018,India,0,1,100-149
SK Raina,101,101,85,1,0,60,9,5,168.33,1,v South Africa,Gros Islet,02-05-2010,India,0,1,100-149
RG Sharma,100*,100,-,1,1,56,11,5,178.57,2,v England,Bristol,08-07-2018,India,0,1,100-149
RG Sharma,97,97,87,1,0,61,8,5,159.01,1,v Ireland,Dublin (Malahide),27-06-2018,India,1,0,50-99
V Kohli,94*,94,-,1,1,50,6,6,188,2,v West Indies,Hyderabad (Deccan),06-12-2019,India,1,0,50-99
S Dhawan,92,92,-,1,0,62,10,2,148.38,2,v West Indies,Chennai,11-11-2018,India,1,0,50-99
KL Rahul,91,91,-,1,0,56,9,4,162.5,1,v West Indies,Mumbai,11-12-2019,India,1,0,50-99
V Kohli,90*,90,71,1,1,55,9,2,163.63,1,v Australia,Adelaide,26-01-2016,India,1,0,50-99
S Dhawan,90,90,-,1,0,49,6,6,183.67,1,v Sri Lanka,Colombo (RPS),06-03-2018,India,1,0,50-99
V Kohli,89*,89,63,1,1,47,11,1,189.36,1,v West Indies,Mumbai,31-03-2016,India,1,0,50-99
KL Rahul,89,89,94,1,0,49,5,8,181.63,1,v Sri Lanka,Indore,22-12-2017,India,1,0,50-99
RG Sharma,89,89,-,1,0,61,5,5,145.9,1,v Bangladesh,Colombo (RPS),14-03-2018,India,1,0,50-99
RG Sharma,85,85,-,1,0,43,6,6,197.67,2,v Bangladesh,Rajkot,07-11-2019,India,1,0,50-99
RG Sharma,83,83,90,1,0,55,7,3,150.9,1,v Bangladesh,Dhaka,24-02-2016,India,1,0,50-99
V Kohli,82*,82,78,1,1,51,9,2,160.78,2,v Australia,Mohali,27-03-2016,India,1,0,50-99
V Kohli,82,82,-,1,0,54,7,1,151.85,2,v Sri Lanka,Colombo (RPS),06-09-2017,India,1,0,50-99
RG Sharma,80,80,85,1,0,55,6,4,145.45,1,v New Zealand,Delhi,01-11-2017,India,1,0,50-99
S Dhawan,80,80,68,1,0,52,10,2,153.84,1,v New Zealand,Delhi,01-11-2017,India,1,0,50-99
RG Sharma,79*,79,65,1,1,46,4,6,171.73,2,v Australia,Bridgetown,07-05-2010,India,1,0,50-99
MK Pandey,79*,79,66,1,1,48,6,3,164.58,1,v South Africa,Centurion,21-02-2018,India,1,0,50-99
V Kohli,78*,78,61,1,1,61,8,2,127.86,2,v Pakistan,Colombo (RPS),30-09-2012,India,1,0,50-99
Yuvraj Singh,77*,77,57,1,1,35,8,5,220,2,v Australia,Rajkot,10-10-2013,India,1,0,50-99
V Kohli,77,77,75,1,0,58,5,4,132.75,1,v Sri Lanka,Dhaka,06-04-2014,India,1,0,50-99
S Dhawan,76,76,-,1,0,42,10,2,180.95,2,v Australia,Brisbane,21-11-2018,India,1,0,50-99
G Gambhir,75,75,76,1,0,54,8,2,138.88,1,v Pakistan,Johannesburg,24-09-2007,India,1,0,50-99
S Dhawan,74,74,65,1,0,45,5,5,164.44,1,v Ireland,Dublin (Malahide),27-06-2018,India,1,0,50-99
SK Raina,72*,72,59,1,1,44,6,2,163.63,2,v Zimbabwe,Harare,13-06-2010,India,1,0,50-99
V Kohli,72*,72,67,1,1,44,5,2,163.63,2,v South Africa,Dhaka,04-04-2014,India,1,0,50-99
V Kohli,72*,72,63,1,1,38,2,6,189.47,1,v Australia,Bengaluru,27-02-2019,India,1,0,50-99
V Kohli,72*,72,66,1,1,52,4,3,138.46,2,v South Africa,Mohali,18-09-2019,India,1,0,50-99
Yuvraj Singh,72,72,59,1,0,36,4,7,200,1,v Pakistan,Ahmedabad,28-12-2012,India,1,0,50-99
S Dhawan,72,72,69,1,0,39,10,2,184.61,1,v South Africa,Johannesburg,18-02-2018,India,1,0,50-99
KL Rahul,71,71,75,1,0,47,6,2,151.06,1,v England,Nagpur,29-01-2017,India,1,0,50-99
RG Sharma,71,71,-,1,0,34,6,5,208.82,1,v West Indies,Mumbai,11-12-2019,India,1,0,50-99
V Kohli,70*,70,-,1,1,29,4,7,241.37,1,v West Indies,Mumbai,11-12-2019,India,1,0,50-99
Yuvraj Singh,70,70,38,1,0,30,5,5,233.33,1,v Australia,Durban,22-09-2007,India,1,0,50-99
V Kohli,70,70,67,1,0,41,10,1,170.73,2,v New Zealand,Chennai,11-09-2012,India,1,0,50-99
KL Rahul,70,70,-,1,0,36,3,6,194.44,1,v Ireland,Dublin (Malahide),29-06-2018,India,1,0,50-99
SK Raina,69,69,-,1,0,45,5,3,153.33,1,v Ireland,Dublin (Malahide),29-06-2018,India,1,0,50-99
V Sehwag,68,68,59,1,0,52,4,3,130.76,1,v England,Durban,19-09-2007,India,1,0,50-99
V Kohli,68,68,65,1,0,48,11,1,141.66,1,v Sri Lanka,Pallekele,07-08-2012,India,1,0,50-99
Yuvraj Singh,67,67,55,1,0,43,6,2,155.81,1,v West Indies,Lord's,12-06-2009,India,1,0,50-99
RG Sharma,67,67,-,1,0,51,6,3,131.37,1,v West Indies,Lauderhill,04-08-2019,India,1,0,50-99
V Kohli,66,66,54,1,0,41,9,1,160.97,2,v England,Birmingham,07-09-2014,India,1,0,50-99
RR Pant,65*,65,-,1,1,42,4,4,154.76,2,v West Indies,Providence,06-08-2019,India,1,0,50-99
V Kohli,65,65,59,1,0,42,8,1,154.76,2,v New Zealand,Rajkot,04-11-2017,India,1,0,50-99
RG Sharma,65,65,50,1,0,40,6,3,162.5,1,v New Zealand,Hamilton,29-01-2020,India,1,0,50-99
V Sehwag,64,64,56,1,0,36,7,3,177.77,2,v Sri Lanka,Mohali,12-12-2009,India,1,0,50-99
G Gambhir,63,63,74,1,0,52,6,1,121.15,2,v Australia,Mumbai (BS),20-10-2007,India,1,0,50-99
SK Raina,63,63,61,1,0,47,7,1,134.04,1,v Sri Lanka,Gros Islet,11-05-2010,India,1,0,50-99
SK Raina,63,63,57,1,0,45,2,5,140,1,v England,Bengaluru,01-02-2017,India,1,0,50-99
RG Sharma,62*,62,83,1,1,55,5,2,112.72,2,v West Indies,Dhaka,23-03-2014,India,1,0,50-99
RG Sharma,62,62,54,1,0,28,4,4,221.42,2,v West Indies,Lauderhill,27-08-2016,India,1,0,50-99
SS Iyer,62,62,-,1,0,33,3,5,187.87,1,v Bangladesh,Nagpur,10-11-2019,India,1,0,50-99
KL Rahul,62,62,-,1,0,40,5,4,155,2,v West Indies,Hyderabad (Deccan),06-12-2019,India,1,0,50-99
SK Raina,61*,61,74,1,1,43,2,5,141.86,1,v New Zealand,Christchurch,25-02-2009,India,1,0,50-99
V Kohli,61*,61,-,1,1,41,4,2,148.78,2,v Australia,Sydney,25-11-2018,India,1,0,50-99
AM Rahane,61,61,49,1,0,39,8,0,156.41,1,v England,Manchester,31-08-2011,India,1,0,50-99
KL Rahul,61,61,68,1,0,48,7,1,127.08,1,v Sri Lanka,Cuttack,20-12-2017,India,1,0,50-99
Yuvraj Singh,60*,60,45,1,1,25,3,5,240,2,v Sri Lanka,Mohali,12-12-2009,India,1,0,50-99
RG Sharma,60*,60,-,1,1,41,3,3,146.34,1,v New Zealand,Mount Maunganui,02-02-2020,India,1,0,50-99
Yuvraj Singh,60,60,61,1,0,43,5,4,139.53,1,v Australia,Dhaka,30-03-2014,India,1,0,50-99
RG Sharma,60,60,69,1,0,47,5,2,127.65,1,v Australia,Melbourne,29-01-2016,India,1,0,50-99
S Dhawan,60,60,63,1,0,44,9,1,136.36,2,v Bangladesh,Dhaka,06-03-2016,India,1,0,50-99
V Kohli,59*,59,44,1,1,33,7,1,178.78,1,v Australia,Melbourne,29-01-2016,India,1,0,50-99
V Kohli,59,59,-,1,0,45,6,0,131.11,2,v West Indies,Providence,06-08-2019,India,1,0,50-99
SS Iyer,58*,58,-,1,1,29,5,3,200,2,v New Zealand,Auckland,24-01-2020,India,1,0,50-99
G Gambhir,58,58,62,1,0,41,7,1,141.46,1,v England,Durban,19-09-2007,India,1,0,50-99
Yuvraj Singh,58,58,14,1,0,16,3,7,362.5,1,v England,Durban,19-09-2007,India,1,0,50-99
KM Jadhav,58,58,70,1,0,42,7,1,138.09,1,v Zimbabwe,Harare,22-06-2016,India,1,0,50-99
RR Pant,58,58,-,1,0,38,5,3,152.63,2,v West Indies,Chennai,11-11-2018,India,1,0,50-99
V Kohli,57*,57,66,1,1,50,3,1,114,2,v Bangladesh,Dhaka,28-03-2014,India,1,0,50-99
KL Rahul,57*,57,80,1,1,50,3,2,114,2,v New Zealand,Auckland,26-01-2020,India,1,0,50-99
G Gambhir,56*,56,91,1,1,60,4,0,93.33,2,v Australia,Melbourne,03-02-2012,India,1,0,50-99
V Kohli,56*,56,85,1,1,47,7,0,119.14,2,v Sri Lanka,Dhaka,01-03-2016,India,1,0,50-99
RG Sharma,56,56,60,1,0,44,5,1,127.27,2,v Bangladesh,Dhaka,28-03-2014,India,1,0,50-99
MS Dhoni,56,56,56,1,0,36,5,2,155.55,1,v England,Bengaluru,01-02-2017,India,1,0,50-99
RG Sharma,56,56,-,1,0,42,4,3,133.33,2,v Bangladesh,Colombo (RPS),18-03-2018,India,1,0,50-99
KL Rahul,56,56,-,1,0,27,4,3,207.4,2,v New Zealand,Auckland,24-01-2020,India,1,0,50-99
RG Sharma,55*,55,48,1,1,33,5,1,166.66,1,v England,Colombo (RPS),23-09-2012,India,1,0,50-99
V Kohli,55*,55,66,1,1,37,7,1,148.64,2,v Pakistan,Kolkata,19-03-2016,India,1,0,50-99
G Gambhir,55,55,-,1,0,26,11,0,211.53,2,v Sri Lanka,Nagpur,09-12-2009,India,1,0,50-99
S Dhawan,55,55,-,1,0,43,5,2,127.9,2,v Bangladesh,Colombo (RPS),08-03-2018,India,1,0,50-99
V Kohli,54,54,51,1,0,41,5,1,131.7,2,v West Indies,Dhaka,23-03-2014,India,1,0,50-99
S Dube,54,54,-,1,0,30,3,4,180,1,v West Indies,Thiruvananthapuram,08-12-2019,India,1,0,50-99
KL Rahul,54,54,-,1,0,36,5,1,150,1,v Sri Lanka,Pune,10-01-2020,India,1,0,50-99
RG Sharma,53,53,38,1,0,34,5,2,155.88,1,v South Africa,Durban,09-01-2011,India,1,0,50-99
RG Sharma,52*,52,61,1,1,45,4,1,115.55,2,v Ireland,Nottingham,10-06-2009,India,1,0,50-99
Mandeep Singh,52*,52,56,1,1,40,6,1,130,2,v Zimbabwe,Harare,20-06-2016,India,1,0,50-99
MS Dhoni,52*,52,43,1,1,28,4,3,185.71,1,v South Africa,Centurion,21-02-2018,India,1,0,50-99
RG Sharma,52,52,57,1,0,38,5,1,136.84,2,v Australia,Sydney,31-01-2016,India,1,0,50-99
KL Rahul,52,52,-,1,0,35,7,0,148.57,1,v Bangladesh,Nagpur,10-11-2019,India,1,0,50-99
S Dhawan,52,52,-,1,0,36,7,1,144.44,1,v Sri Lanka,Pune,10-01-2020,India,1,0,50-99
MK Pandey,51*,51,-,1,1,36,4,1,141.66,2,v Sri Lanka,Colombo (RPS),06-09-2017,India,1,0,50-99
G Gambhir,51,51,45,1,0,33,5,2,154.54,2,v New Zealand,Johannesburg,16-09-2007,India,1,0,50-99
S Dhawan,51,51,-,1,0,25,7,2,204,1,v Sri Lanka,Ranchi,12-02-2016,India,1,0,50-99
RG Sharma,50*,50,52,1,1,40,7,2,125,1,v South Africa,Durban,20-09-2007,India,1,0,50-99
MK Pandey,50*,50,53,1,1,36,3,0,138.88,1,v New Zealand,Wellington,31-01-2020,India,1,0,50-99
RV Uthappa,50,50,52,1,0,39,4,2,128.2,1,v Pakistan,Durban,14-09-2007,India,1,0,50-99
Yuvraj Singh,50,50,33,1,0,34,3,4,147.05,1,v New Zealand,Wellington,27-02-2009,India,1,0,50-99
G Gambhir,50,50,70,1,0,46,4,0,108.69,1,v Bangladesh,Nottingham,06-06-2009,India,1,0,50-99
V Kohli,50,50,60,1,0,39,4,2,128.2,1,v Afghanistan,Colombo (RPS),19-09-2012,India,1,0,50-99
V Kohli,50,50,49,1,0,36,2,1,138.88,2,v Australia,Sydney,31-01-2016,India,1,0,50-99
RG Sharma,50,50,40,1,0,29,3,4,172.41,2,v New Zealand,Auckland,08-02-2019,India,1,0,50-99
KL Rahul,50,50,56,1,0,36,6,1,138.88,1,v Australia,Visakhapatnam,24-02-2019,India,1,0,50-99
G Gambhir,49*,49,36,1,1,28,7,1,175,2,v South Africa,Johannesburg,30-03-2012,India,0,0,0-49
SK Raina,49*,49,38,1,1,25,6,1,196,2,v Australia,Sydney,31-01-2016,India,0,0,0-49
V Kohli,49,49,71,1,0,51,7,0,96.07,2,v Pakistan,Dhaka,27-02-2016,India,0,0,0-49
MS Dhoni,49,49,44,1,0,37,2,3,132.43,2,v New Zealand,Rajkot,04-11-2017,India,0,0,0-49
MS Dhoni,48*,48,55,1,1,43,1,3,111.62,2,v Australia,Sydney,01-02-2012,India,0,0,0-49
M Vijay,48,48,59,1,0,46,2,3,104.34,2,v Afghanistan,Gros Islet,01-05-2010,India,0,0,0-49
MK Pandey,48,48,-,1,0,35,1,3,137.14,2,v Zimbabwe,Harare,18-06-2016,India,0,0,0-49
KD Karthik,48,48,-,1,0,29,5,3,165.51,1,v West Indies,Kingston,09-07-2017,India,0,0,0-49
KL Rahul,47*,47,56,1,1,40,2,2,117.5,2,v Zimbabwe,Harare,20-06-2016,India,0,0,0-49
S Dhawan,47,47,69,1,0,40,3,0,117.5,1,v South Africa,Cape Town,24-02-2018,India,0,0,0-49
SK Raina,47,47,-,1,0,30,5,2,156.66,1,v Bangladesh,Colombo (RPS),14-03-2018,India,0,0,0-49
V Kohli,47,47,-,1,0,38,1,2,123.68,1,v England,Cardiff,06-07-2018,India,0,0,0-49
KL Rahul,47,47,36,1,0,26,3,4,180.76,1,v Australia,Bengaluru,27-02-2019,India,0,0,0-49
S Dhawan,46*,46,-,1,1,46,5,1,100,2,v Sri Lanka,Visakhapatnam,14-02-2016,India,0,0,0-49
MS Dhoni,46,46,55,1,0,28,3,2,164.28,2,v Sri Lanka,Mohali,12-12-2009,India,0,0,0-49
M Vijay,46,46,62,1,0,39,2,3,117.94,2,v Zimbabwe,Harare,13-06-2010,India,0,0,0-49
MS Dhoni,45,45,39,1,0,33,4,1,136.36,1,v South Africa,Durban,20-09-2007,India,0,0,0-49
G Gambhir,45,45,70,1,0,38,5,0,118.42,1,v England,Colombo (RPS),23-09-2012,India,0,0,0-49
SK Raina,45,45,45,1,0,34,5,0,132.35,1,v South Africa,Colombo (RPS),02-10-2012,India,0,0,0-49
KL Rahul,45,45,-,1,0,32,6,0,140.62,2,v Sri Lanka,Indore,07-01-2020,India,0,0,0-49
V Kohli,45,45,-,1,0,32,3,1,140.62,2,v New Zealand,Auckland,24-01-2020,India,0,0,0-49
KL Rahul,45,45,-,1,0,33,4,2,136.36,1,v New Zealand,Mount Maunganui,02-02-2020,India,0,0,0-49
SS Iyer,44,44,49,1,0,33,1,3,133.33,2,v New Zealand,Auckland,26-01-2020,India,0,0,0-49
S Badrinath,43,43,47,1,0,37,5,0,116.21,1,v West Indies,Port of Spain,04-06-2011,India,0,0,0-49
G Gambhir,43,43,56,1,0,41,2,1,104.87,1,v Pakistan,Bengaluru,25-12-2012,India,0,0,0-49
V Kohli,43,43,58,1,0,27,1,3,159.25,1,v South Africa,Dharamsala,02-10-2015,India,0,0,0-49
RG Sharma,43,43,-,1,0,36,2,1,119.44,1,v Sri Lanka,Ranchi,12-02-2016,India,0,0,0-49
RG Sharma,43,43,29,1,0,31,3,3,138.7,1,v West Indies,Mumbai,31-03-2016,India,0,0,0-49
MS Dhoni,43,43,53,1,0,25,2,2,172,2,v West Indies,Lauderhill,27-08-2016,India,0,0,0-49
SK Raina,43,43,33,1,0,27,5,1,159.25,1,v South Africa,Cape Town,24-02-2018,India,0,0,0-49
V Kohli,43,43,-,1,0,29,2,2,148.27,2,v England,Bristol,08-07-2018,India,0,0,0-49
S Dhawan,43,43,67,1,0,41,3,0,104.87,1,v West Indies,Lucknow,06-11-2018,India,0,0,0-49
V Shankar,43,43,35,1,0,28,5,2,153.57,2,v New Zealand,Hamilton,10-02-2019,India,0,0,0-49
MK Pandey,42*,42,-,1,1,31,3,1,135.48,2,v Sri Lanka,Colombo (RPS),12-03-2018,India,0,0,0-49
AM Rahane,42,42,43,1,0,31,5,1,135.48,1,v Pakistan,Bengaluru,25-12-2012,India,0,0,0-49
RV Uthappa,42,42,-,1,0,25,9,0,168,2,v Zimbabwe,Harare,19-07-2015,India,0,0,0-49
S Dhawan,42,42,46,1,0,32,3,2,131.25,1,v Australia,Melbourne,29-01-2016,India,0,0,0-49
V Kohli,41*,41,62,1,1,28,5,0,146.42,2,v Bangladesh,Dhaka,06-03-2016,India,0,0,0-49
Yuvraj Singh,41,41,12,1,0,18,3,4,227.77,1,v Bangladesh,Nottingham,06-06-2009,India,0,0,0-49
G Gambhir,41,41,52,1,0,32,3,0,128.12,1,v Sri Lanka,Gros Islet,11-05-2010,India,0,0,0-49
SK Raina,41,41,29,1,0,23,2,3,178.26,1,v South Africa,Durban,09-01-2011,India,0,0,0-49
SK Raina,41,41,63,1,0,34,3,1,120.58,1,v Australia,Adelaide,26-01-2016,India,0,0,0-49
S Dhawan,41,41,-,1,0,22,6,2,186.36,2,v Australia,Sydney,25-11-2018,India,0,0,0-49
S Dhawan,41,41,-,1,0,42,3,1,97.61,1,v Bangladesh,Delhi,03-11-2019,India,0,0,0-49
RR Pant,40*,40,48,1,1,28,4,1,142.85,2,v New Zealand,Auckland,08-02-2019,India,0,0,0-49
V Sehwag,40,40,24,1,0,17,6,2,235.29,2,v New Zealand,Johannesburg,16-09-2007,India,0,0,0-49
V Kohli,40,40,33,1,0,32,6,0,125,1,v England,Colombo (RPS),23-09-2012,India,0,0,0-49
AM Rahane,40,40,68,1,0,35,2,0,114.28,1,v West Indies,Mumbai,31-03-2016,India,0,0,0-49
MS Dhoni,40,40,39,1,0,23,3,3,173.91,1,v Australia,Bengaluru,27-02-2019,India,0,0,0-49
S Dhawan,40,40,56,1,0,31,4,1,129.03,2,v South Africa,Mohali,18-09-2019,India,0,0,0-49
RV Uthappa,39*,39,57,1,1,35,2,0,111.42,1,v Zimbabwe,Harare,17-07-2015,India,0,0,0-49
MS Dhoni,39*,39,40,1,1,22,4,1,177.27,1,v Sri Lanka,Cuttack,20-12-2017,India,0,0,0-49
KD Karthik,39*,39,-,1,1,25,5,0,156,2,v Sri Lanka,Colombo (RPS),12-03-2018,India,0,0,0-49
SK Raina,39,39,47,1,0,29,4,2,134.48,1,v England,Kolkata,29-10-2011,India,0,0,0-49
RG Sharma,39,39,26,1,0,28,7,1,139.28,2,v U.A.E.,Dhaka,03-03-2016,India,0,0,0-49
V Kohli,39,39,-,1,0,22,7,1,177.27,1,v West Indies,Kingston,09-07-2017,India,0,0,0-49
MS Dhoni,39,39,47,1,0,31,5,1,125.8,2,v New Zealand,Wellington,06-02-2019,India,0,0,0-49
KL Rahul,39,39,49,1,0,26,3,2,150,1,v New Zealand,Wellington,31-01-2020,India,0,0,0-49
D Mongia,38,38,63,1,0,45,4,1,84.44,2,v South Africa,Johannesburg,01-12-2006,India,0,0,0-49
SK Raina,38,38,42,1,0,33,6,0,115.15,1,v Afghanistan,Colombo (RPS),19-09-2012,India,0,0,0-49
Yuvraj Singh,38,38,21,1,0,21,2,3,180.95,2,v England,Pune,20-12-2012,India,0,0,0-49
V Kohli,38,38,25,1,0,20,7,0,190,1,v England,Mumbai,22-12-2012,India,0,0,0-49
MS Dhoni,38,38,23,1,0,18,3,2,211.11,1,v England,Mumbai,22-12-2012,India,0,0,0-49
RR Pant,38,38,-,1,0,35,2,1,108.57,1,v West Indies,Kingston,09-07-2017,India,0,0,0-49
RG Sharma,38,38,63,1,0,32,3,0,118.75,2,v New Zealand,Hamilton,10-02-2019,India,0,0,0-49
V Kohli,38,38,31,1,0,27,2,1,140.74,1,v New Zealand,Hamilton,29-01-2020,India,0,0,0-49
YK Pathan,37*,37,27,1,1,24,2,3,154.16,2,v Zimbabwe,Harare,12-06-2010,India,0,0,0-49
G Gambhir,37,37,42,1,0,31,3,1,119.35,2,v Ireland,Nottingham,10-06-2009,India,0,0,0-49
Yuvraj Singh,37,37,43,1,0,30,3,2,123.33,1,v South Africa,Gros Islet,02-05-2010,India,0,0,0-49
MK Pandey,37,37,-,1,0,35,3,1,105.71,1,v Sri Lanka,Colombo (RPS),06-03-2018,India,0,0,0-49
V Kohli,36*,36,45,1,1,32,4,1,112.5,2,v Pakistan,Dhaka,21-03-2014,India,0,0,0-49
MS Dhoni,36*,36,47,1,1,27,3,0,133.33,1,v England,Kanpur,26-01-2017,India,0,0,0-49
MS Dhoni,36,36,21,1,0,18,4,1,200,1,v Australia,Durban,22-09-2007,India,0,0,0-49
RG Sharma,36,36,34,1,0,23,3,2,156.52,1,v Bangladesh,Nottingham,06-06-2009,India,0,0,0-49
S Dhawan,36,36,35,1,0,25,4,2,144,1,v South Africa,Bengaluru,22-09-2019,India,0,0,0-49
SK Raina,35*,35,50,1,1,24,3,1,145.83,1,v England,Mumbai,22-12-2012,India,0,0,0-49
SK Raina,35*,35,34,1,1,28,4,1,125,2,v Pakistan,Dhaka,21-03-2014,India,0,0,0-49
RV Uthappa,35,35,38,1,0,26,6,0,134.61,2,v Australia,Mumbai (BS),20-10-2007,India,0,0,0-49
SK Raina,35,35,48,1,0,27,5,1,129.62,2,v Sri Lanka,Colombo (RPS),10-02-2009,India,0,0,0-49
Yuvraj Singh,35,35,30,1,0,18,3,3,194.44,2,v Sri Lanka,Dhaka,01-03-2016,India,0,0,0-49
S Dhawan,35,35,-,1,0,27,5,1,129.62,1,v Bangladesh,Colombo (RPS),14-03-2018,India,0,0,0-49
SK Raina,34*,34,43,1,1,25,3,1,136,1,v Sri Lanka,Pallekele,07-08-2012,India,0,0,0-49
V Sehwag,34,34,45,1,0,29,5,1,117.24,2,v South Africa,Johannesburg,01-12-2006,India,0,0,0-49
RV Uthappa,34,34,38,1,0,28,1,3,121.42,1,v Australia,Durban,22-09-2007,India,0,0,0-49
Yuvraj Singh,34,34,49,1,0,26,1,2,130.76,2,v New Zealand,Chennai,11-09-2012,India,0,0,0-49
M Vijay,34,34,35,1,0,19,5,1,178.94,1,v Zimbabwe,Harare,17-07-2015,India,0,0,0-49
SK Raina,34,34,35,1,0,23,4,1,147.82,1,v England,Kanpur,26-01-2017,India,0,0,0-49
SS Iyer,34,34,-,1,0,26,3,1,130.76,2,v Sri Lanka,Indore,07-01-2020,India,0,0,0-49
IK Pathan,33*,33,22,1,1,16,2,2,206.25,2,v Sri Lanka,Colombo (RPS),10-02-2009,India,0,0,0-49
YK Pathan,33*,33,29,1,1,17,1,2,194.11,2,v England,Lord's,14-06-2009,India,0,0,0-49
HH Pandya,33*,33,-,1,1,14,4,2,235.71,2,v England,Bristol,08-07-2018,India,0,0,0-49
KD Karthik,33*,33,29,1,1,16,0,4,206.25,2,v New Zealand,Hamilton,10-02-2019,India,0,0,0-49
RR Pant,33*,33,-,1,1,22,3,1,150,1,v West Indies,Thiruvananthapuram,08-12-2019,India,0,0,0-49
SS Iyer,33*,33,-,1,1,31,1,2,106.45,1,v New Zealand,Mount Maunganui,02-02-2020,India,0,0,0-49
MS Dhoni,33,33,46,1,0,31,3,1,106.45,1,v Pakistan,Durban,14-09-2007,India,0,0,0-49
SK Raina,33,33,26,1,0,19,2,3,173.68,1,v England,Manchester,31-08-2011,India,0,0,0-49
MS Dhoni,33,33,39,1,0,23,4,0,143.47,1,v Pakistan,Ahmedabad,28-12-2012,India,0,0,0-49
S Dhawan,33,33,40,1,0,28,2,2,117.85,2,v England,Birmingham,07-09-2014,India,0,0,0-49
AM Rahane,33,33,44,1,0,32,2,0,103.12,1,v Zimbabwe,Harare,17-07-2015,India,0,0,0-49
MK Pandey,32*,32,30,1,1,18,2,2,177.77,1,v Sri Lanka,Cuttack,20-12-2017,India,0,0,0-49
HH Pandya,32*,32,-,1,1,9,1,4,355.55,1,v Ireland,Dublin (Malahide),29-06-2018,India,0,0,0-49
MS Dhoni,32*,32,-,1,1,24,5,0,133.33,1,v England,Cardiff,06-07-2018,India,0,0,0-49
Yuvraj Singh,32,32,43,1,0,21,3,2,152.38,2,v Sri Lanka,Colombo (RPS),10-02-2009,India,0,0,0-49
SK Raina,32,32,38,1,0,25,4,1,128,2,v West Indies,Bridgetown,09-05-2010,India,0,0,0-49
S Dhawan,32,32,40,1,0,19,5,0,168.42,2,v Australia,Rajkot,10-10-2013,India,0,0,0-49
AM Rahane,32,32,41,1,0,30,2,1,106.66,2,v South Africa,Dhaka,04-04-2014,India,0,0,0-49
MK Pandey,32,32,48,1,0,29,4,0,110.34,2,v Sri Lanka,Mumbai,24-12-2017,India,0,0,0-49
RG Sharma,32,32,-,1,0,30,3,1,106.66,2,v England,Manchester,03-07-2018,India,0,0,0-49
S Dhawan,32,32,-,1,0,29,2,0,110.34,2,v Sri Lanka,Indore,07-01-2020,India,0,0,0-49
KD Karthik,31*,31,44,1,1,28,3,1,110.71,2,v South Africa,Johannesburg,01-12-2006,India,0,0,0-49
Yuvraj Singh,31*,31,34,1,1,25,1,3,124,2,v Australia,Mumbai (BS),20-10-2007,India,0,0,0-49
R Ashwin,31*,31,33,1,1,24,5,0,129.16,1,v Sri Lanka,Pune,09-02-2016,India,0,0,0-49
KD Karthik,31*,31,-,1,1,34,3,1,91.17,2,v West Indies,Kolkata,04-11-2018,India,0,0,0-49
MK Pandey,31*,31,-,1,1,18,4,0,172.22,1,v Sri Lanka,Pune,10-01-2020,India,0,0,0-49
YK Pathan,31,31,27,1,0,23,3,1,134.78,1,v West Indies,Lord's,12-06-2009,India,0,0,0-49
R Dravid,31,31,23,1,0,21,0,3,147.61,1,v England,Manchester,31-08-2011,India,0,0,0-49
V Kohli,31,31,29,1,0,24,3,0,129.16,2,v Australia,Melbourne,03-02-2012,India,0,0,0-49
IK Pathan,31,31,48,1,0,30,2,1,103.33,1,v Australia,Colombo (RPS),28-09-2012,India,0,0,0-49
RG Sharma,31,31,21,1,0,20,4,1,155,1,v Australia,Adelaide,26-01-2016,India,0,0,0-49
HH Pandya,31,31,25,1,0,18,4,1,172.22,1,v Bangladesh,Dhaka,24-02-2016,India,0,0,0-49
Mandeep Singh,31,31,-,1,0,27,5,0,114.81,2,v Zimbabwe,Harare,18-06-2016,India,0,0,0-49
SK Raina,31,31,44,1,0,24,5,0,129.16,1,v South Africa,Centurion,21-02-2018,India,0,0,0-49
S Dhawan,31,31,-,1,0,27,4,0,114.81,2,v Bangladesh,Rajkot,07-11-2019,India,0,0,0-49
RG Sharma,30*,30,22,1,1,16,2,1,187.5,1,v Pakistan,Johannesburg,24-09-2007,India,0,0,0-49
MS Dhoni,30*,30,33,1,1,20,3,0,150,2,v England,Lord's,14-06-2009,India,0,0,0-49
V Kohli,30*,30,-,1,1,17,1,2,176.47,2,v Sri Lanka,Indore,07-01-2020,India,0,0,0-49
S Dhawan,30,30,35,1,0,28,5,0,107.14,2,v Pakistan,Dhaka,21-03-2014,India,0,0,0-49
SK Raina,30,30,-,1,0,19,5,0,157.89,1,v Sri Lanka,Ranchi,12-02-2016,India,0,0,0-49
MS Dhoni,30,30,-,1,0,30,1,1,100,2,v New Zealand,Nagpur,15-03-2016,India,0,0,0-49
SK Raina,30,30,40,1,0,23,1,2,130.43,1,v Bangladesh,Bengaluru,23-03-2016,India,0,0,0-49
MK Pandey,30,30,38,1,0,26,0,1,115.38,1,v England,Nagpur,29-01-2017,India,0,0,0-49
SS Iyer,30,30,50,1,0,32,1,1,93.75,2,v Sri Lanka,Mumbai,24-12-2017,India,0,0,0-49
KD Karthik,30,30,-,1,0,13,4,1,230.76,2,v Australia,Brisbane,21-11-2018,India,0,0,0-49
S Dhawan,30,30,51,1,0,31,2,0,96.77,2,v New Zealand,Auckland,08-02-2019,India,0,0,0-49
MK Pandey,29*,29,51,1,1,27,0,1,107.4,1,v South Africa,Johannesburg,18-02-2018,India,0,0,0-49
KD Karthik,29*,29,-,1,1,8,2,3,362.5,2,v Bangladesh,Colombo (RPS),18-03-2018,India,0,0,0-49
MS Dhoni,29*,29,48,1,1,37,0,1,78.37,1,v Australia,Visakhapatnam,24-02-2019,India,0,0,0-49
RG Sharma,29,29,39,1,0,28,3,0,103.57,2,v South Africa,Nottingham,16-06-2009,India,0,0,0-49
MS Dhoni,29,29,30,1,0,18,2,2,161.11,2,v West Indies,Bridgetown,09-05-2010,India,0,0,0-49
V Sehwag,29,29,38,1,0,24,4,0,120.83,2,v Pakistan,Colombo (RPS),30-09-2012,India,0,0,0-49
V Kohli,29,29,26,1,0,22,2,1,131.81,2,v Australia,Rajkot,10-10-2013,India,0,0,0-49
RG Sharma,29,29,41,1,0,26,3,0,111.53,1,v Sri Lanka,Dhaka,06-04-2014,India,0,0,0-49
V Kohli,29,29,34,1,0,26,4,0,111.53,1,v England,Kanpur,26-01-2017,India,0,0,0-49
S Dhawan,29,29,26,1,0,18,2,3,161.11,2,v New Zealand,Wellington,06-02-2019,India,0,0,0-49
MS Dhoni,28*,28,57,1,1,30,2,0,93.33,1,v New Zealand,Wellington,27-02-2009,India,0,0,0-49
SK Raina,28,28,28,1,0,17,3,1,164.7,2,v Zimbabwe,Harare,12-06-2010,India,0,0,0-49
V Kohli,28,28,28,1,0,19,5,0,147.36,1,v South Africa,Durban,09-01-2011,India,0,0,0-49
AM Rahane,28,28,31,1,0,26,4,0,107.69,1,v Pakistan,Ahmedabad,28-12-2012,India,0,0,0-49
MS Dhoni,28,28,41,1,0,21,2,2,133.33,1,v Sri Lanka,Indore,22-12-2017,India,0,0,0-49
SK Raina,28,28,-,1,0,27,1,1,103.7,2,v Bangladesh,Colombo (RPS),08-03-2018,India,0,0,0-49
MK Pandey,28,28,-,1,0,27,3,0,103.7,2,v Bangladesh,Colombo (RPS),18-03-2018,India,0,0,0-49
RR Pant,28,28,17,1,0,12,1,3,233.33,2,v New Zealand,Hamilton,10-02-2019,India,0,0,0-49
V Kohli,28,28,-,1,0,23,1,1,121.73,1,v West Indies,Lauderhill,04-08-2019,India,0,0,0-49
MS Dhoni,27*,27,35,1,1,18,2,1,150,2,v England,Birmingham,07-09-2014,India,0,0,0-49
MK Pandey,27*,27,-,1,1,19,3,0,142.1,2,v Bangladesh,Colombo (RPS),08-03-2018,India,0,0,0-49
SK Raina,27,27,31,1,0,22,2,1,122.72,2,v New Zealand,Chennai,11-09-2012,India,0,0,0-49
V Kohli,27,27,31,1,0,22,3,0,122.72,1,v Pakistan,Ahmedabad,28-12-2012,India,0,0,0-49
HH Pandya,27,27,-,1,0,12,1,2,225,1,v Sri Lanka,Ranchi,12-02-2016,India,0,0,0-49
Yuvraj Singh,27,27,23,1,0,10,1,3,270,1,v England,Bengaluru,01-02-2017,India,0,0,0-49
KM Jadhav,27,27,47,1,0,27,3,1,100,1,v Australia,Guwahati,10-10-2017,India,0,0,0-49
RG Sharma,27,27,31,1,0,20,4,1,135,2,v Sri Lanka,Mumbai,24-12-2017,India,0,0,0-49
SK Raina,27,27,-,1,0,15,2,2,180,2,v Sri Lanka,Colombo (RPS),12-03-2018,India,0,0,0-49
SK Raina,27,27,-,1,0,20,2,1,135,1,v England,Cardiff,06-07-2018,India,0,0,0-49
V Shankar,27,27,31,1,0,18,2,2,150,2,v New Zealand,Wellington,06-02-2019,India,0,0,0-49
RR Pant,27,27,-,1,0,26,3,0,103.84,1,v Bangladesh,Delhi,03-11-2019,India,0,0,0-49
KL Rahul,27,27,40,1,0,19,2,1,142.1,1,v New Zealand,Hamilton,29-01-2020,India,0,0,0-49
V Kohli,26*,26,30,1,1,21,3,1,123.8,2,v Zimbabwe,Harare,12-06-2010,India,0,0,0-49
V Kohli,26*,26,19,1,1,11,0,3,236.36,1,v New Zealand,Delhi,01-11-2017,India,0,0,0-49
KL Rahul,26*,26,20,1,1,14,2,1,185.71,1,v West Indies,Lucknow,06-11-2018,India,0,0,0-49
KH Pandya,26*,26,25,1,1,13,2,2,200,2,v New Zealand,Hamilton,10-02-2019,India,0,0,0-49
IK Pathan,26,26,41,1,0,30,0,0,86.66,1,v Australia,Melbourne,01-02-2008,India,0,0,0-49
V Sehwag,26,26,14,1,0,10,0,4,260,1,v New Zealand,Christchurch,25-02-2009,India,0,0,0-49
MS Dhoni,26,26,26,1,0,21,0,1,123.8,1,v Bangladesh,Nottingham,06-06-2009,India,0,0,0-49
G Gambhir,26,26,50,1,0,26,4,0,100,2,v England,Lord's,14-06-2009,India,0,0,0-49
V Sehwag,26,26,-,1,0,14,3,1,185.71,2,v Sri Lanka,Nagpur,09-12-2009,India,0,0,0-49
PA Patel,26,26,36,1,0,20,2,1,130,1,v West Indies,Port of Spain,04-06-2011,India,0,0,0-49
RG Sharma,26,26,33,1,0,23,0,2,113.04,1,v West Indies,Port of Spain,04-06-2011,India,0,0,0-49
SK Raina,26,26,40,1,0,19,4,0,136.84,1,v Australia,Colombo (RPS),28-09-2012,India,0,0,0-49
SK Raina,26,26,36,1,0,19,1,1,136.84,2,v England,Pune,20-12-2012,India,0,0,0-49
S Dhawan,26,26,18,1,0,9,4,1,288.88,2,v Australia,Sydney,31-01-2016,India,0,0,0-49
V Kohli,26,26,26,1,0,20,2,1,130,1,v South Africa,Johannesburg,18-02-2018,India,0,0,0-49
V Kohli,26,26,-,1,0,17,2,1,152.94,1,v Sri Lanka,Pune,10-01-2020,India,0,0,0-49
Yuvraj Singh,25*,25,19,1,1,14,4,1,178.57,2,v U.A.E.,Dhaka,03-03-2016,India,0,0,0-49
RA Jadeja,25,25,41,1,0,35,1,0,71.42,2,v England,Lord's,14-06-2009,India,0,0,0-49
Yuvraj Singh,25,25,47,1,0,25,1,1,100,2,v South Africa,Nottingham,16-06-2009,India,0,0,0-49
RG Sharma,25,25,48,1,0,27,2,0,92.59,1,v South Africa,Colombo (RPS),02-10-2012,India,0,0,0-49
SK Raina,25,25,32,1,0,20,1,1,125,2,v England,Birmingham,07-09-2014,India,0,0,0-49
AM Rahane,25,25,-,1,0,21,3,0,119.04,1,v Sri Lanka,Ranchi,12-02-2016,India,0,0,0-49
SK Raina,25,25,35,1,0,26,2,0,96.15,2,v Sri Lanka,Dhaka,01-03-2016,India,0,0,0-49
HH Pandya,25,25,39,1,0,23,0,1,108.69,1,v Australia,Guwahati,10-10-2017,India,0,0,0-49
MS Dhoni,24*,24,29,1,1,21,2,0,114.28,2,v England,Pune,20-12-2012,India,0,0,0-49
MS Dhoni,24*,24,44,1,1,21,2,0,114.28,2,v Australia,Rajkot,10-10-2013,India,0,0,0-49
SS Iyer,24*,24,-,1,1,13,3,1,184.61,2,v Bangladesh,Rajkot,07-11-2019,India,0,0,0-49
MS Dhoni,24,24,31,1,0,20,2,0,120,2,v New Zealand,Johannesburg,16-09-2007,India,0,0,0-49
G Gambhir,24,24,37,1,0,25,4,0,96,1,v Australia,Durban,22-09-2007,India,0,0,0-49
V Sehwag,24,24,15,1,0,11,5,0,218.18,1,v New Zealand,Wellington,27-02-2009,India,0,0,0-49
RG Sharma,24,24,28,1,0,19,1,1,126.31,1,v England,Mumbai,22-12-2012,India,0,0,0-49
RG Sharma,24,24,41,1,0,21,1,2,114.28,2,v Pakistan,Dhaka,21-03-2014,India,0,0,0-49
MS Dhoni,24,24,36,1,0,20,1,1,120,1,v Australia,Dhaka,30-03-2014,India,0,0,0-49
RG Sharma,24,24,17,1,0,13,4,1,184.61,2,v South Africa,Dhaka,04-04-2014,India,0,0,0-49
STR Binny,24,24,-,1,0,23,2,0,104.34,2,v Zimbabwe,Harare,19-07-2015,India,0,0,0-49
Yuvraj Singh,24,24,35,1,0,23,1,1,104.34,2,v Pakistan,Kolkata,19-03-2016,India,0,0,0-49
V Kohli,24,24,37,1,0,24,0,1,100,1,v Bangladesh,Bengaluru,23-03-2016,India,0,0,0-49
KL Rahul,24,24,-,1,0,18,3,0,133.33,2,v Sri Lanka,Colombo (RPS),06-09-2017,India,0,0,0-49
SS Iyer,24,24,36,1,0,20,3,0,120,1,v Sri Lanka,Cuttack,20-12-2017,India,0,0,0-49
S Dhawan,24,24,21,1,0,14,3,2,171.42,1,v South Africa,Centurion,21-02-2018,India,0,0,0-49
KL Rahul,24,24,-,1,0,14,2,1,171.42,2,v Bangladesh,Colombo (RPS),18-03-2018,India,0,0,0-49
V Kohli,24,24,25,1,0,17,3,0,141.17,1,v Australia,Visakhapatnam,24-02-2019,India,0,0,0-49
RG Sharma,24,24,-,1,0,25,2,2,96,2,v West Indies,Lauderhill,03-08-2019,India,0,0,0-49
Yuvraj Singh,23*,23,34,1,1,22,0,1,104.54,2,v Afghanistan,Gros Islet,01-05-2010,India,0,0,0-49
MS Dhoni,23*,23,43,1,1,19,0,1,121.05,1,v Sri Lanka,Gros Islet,11-05-2010,India,0,0,0-49
MS Dhoni,23*,23,20,1,1,13,3,0,176.92,1,v South Africa,Colombo (RPS),02-10-2012,India,0,0,0-49
V Sehwag,23,23,32,1,0,16,2,1,143.75,2,v Australia,Melbourne,03-02-2012,India,0,0,0-49
V Kohli,23,23,23,1,0,22,2,1,104.54,1,v Australia,Dhaka,30-03-2014,India,0,0,0-49
V Kohli,23,23,-,1,0,27,2,0,85.18,2,v New Zealand,Nagpur,15-03-2016,India,0,0,0-49
S Dhawan,23,23,33,1,0,22,2,1,104.54,1,v Bangladesh,Bengaluru,23-03-2016,India,0,0,0-49
S Dhawan,23,23,-,1,0,12,5,0,191.66,1,v West Indies,Kingston,09-07-2017,India,0,0,0-49
SS Iyer,23,23,29,1,0,21,4,0,109.52,2,v New Zealand,Rajkot,04-11-2017,India,0,0,0-49
RR Pant,23,23,-,1,0,23,1,1,100,1,v Sri Lanka,Colombo (RPS),06-03-2018,India,0,0,0-49
RG Sharma,23,23,-,1,0,16,1,2,143.75,2,v Australia,Sydney,25-11-2018,India,0,0,0-49
S Dhawan,23,23,-,1,0,16,3,0,143.75,1,v West Indies,Lauderhill,04-08-2019,India,0,0,0-49
YK Pathan,22*,22,26,1,1,10,1,2,220,2,v Sri Lanka,Colombo (RPS),10-02-2009,India,0,0,0-49
MS Dhoni,22*,22,31,1,1,23,2,0,95.65,2,v New Zealand,Chennai,11-09-2012,India,0,0,0-49
MS Dhoni,22*,22,16,1,1,12,1,2,183.33,2,v Bangladesh,Dhaka,28-03-2014,India,0,0,0-49
AM Rahane,22*,22,-,1,1,24,1,0,91.66,2,v Sri Lanka,Visakhapatnam,14-02-2016,India,0,0,0-49
V Kohli,22*,22,19,1,1,14,3,0,157.14,2,v Australia,Ranchi,07-10-2017,India,0,0,0-49
KD Karthik,22*,22,-,1,1,18,1,1,122.22,2,v Australia,Sydney,25-11-2018,India,0,0,0-49
MK Pandey,22*,22,-,1,1,13,3,0,169.23,1,v Bangladesh,Nagpur,10-11-2019,India,0,0,0-49
SN Thakur,22*,22,-,1,1,8,1,2,275,1,v Sri Lanka,Pune,10-01-2020,India,0,0,0-49
A Nehra,22,22,-,1,0,13,1,2,169.23,2,v Sri Lanka,Nagpur,09-12-2009,India,0,0,0-49
V Kohli,22,22,30,1,0,21,0,1,104.76,2,v Australia,Sydney,01-02-2012,India,0,0,0-49
RG Sharma,22,22,40,1,0,24,2,0,91.66,1,v South Africa,Cuttack,05-10-2015,India,0,0,0-49
SK Raina,22,22,46,1,0,24,3,0,91.66,1,v South Africa,Cuttack,05-10-2015,India,0,0,0-49
KL Rahul,22,22,21,1,0,20,3,1,110,1,v Zimbabwe,Harare,22-06-2016,India,0,0,0-49
KL Rahul,22,22,39,1,0,18,2,1,122.22,1,v England,Bengaluru,01-02-2017,India,0,0,0-49
SS Iyer,22,22,-,1,0,13,1,2,169.23,1,v Bangladesh,Delhi,03-11-2019,India,0,0,0-49
MS Dhoni,21*,21,26,1,1,18,2,0,116.66,2,v Australia,Melbourne,03-02-2012,India,0,0,0-49
MK Pandey,21*,21,-,1,1,20,1,0,105,1,v Ireland,Dublin (Malahide),29-06-2018,India,0,0,0-49
KH Pandya,21*,21,-,1,1,9,3,0,233.33,2,v West Indies,Kolkata,04-11-2018,India,0,0,0-49
Harbhajan Singh,21,21,25,1,0,22,2,0,95.45,1,v New Zealand,Christchurch,25-02-2009,India,0,0,0-49
G Gambhir,21,21,27,1,0,19,3,0,110.52,2,v South Africa,Nottingham,16-06-2009,India,0,0,0-49
SK Raina,21,21,-,1,0,13,1,1,161.53,2,v Sri Lanka,Nagpur,09-12-2009,India,0,0,0-49
G Gambhir,21,21,30,1,0,18,1,0,116.66,2,v Sri Lanka,Mohali,12-12-2009,India,0,0,0-49
MS Dhoni,21,21,44,1,0,26,0,1,80.76,1,v England,Kolkata,29-10-2011,India,0,0,0-49
AM Rahane,21,21,46,1,0,25,0,1,84,1,v Sri Lanka,Pallekele,07-08-2012,India,0,0,0-49
Yuvraj Singh,21,21,18,1,0,15,1,2,140,1,v South Africa,Colombo (RPS),02-10-2012,India,0,0,0-49
V Kohli,21,21,35,1,0,17,2,0,123.52,2,v England,Pune,20-12-2012,India,0,0,0-49
G Gambhir,21,21,22,1,0,11,4,0,190.9,1,v Pakistan,Ahmedabad,28-12-2012,India,0,0,0-49
SK Raina,21,21,15,1,0,10,3,1,210,2,v South Africa,Dhaka,04-04-2014,India,0,0,0-49
Yuvraj Singh,21,21,31,1,0,18,1,1,116.66,2,v Australia,Mohali,27-03-2016,India,0,0,0-49
V Kohli,21,21,17,1,0,15,2,1,140,1,v England,Nagpur,29-01-2017,India,0,0,0-49
RG Sharma,21,21,8,1,0,9,2,2,233.33,1,v South Africa,Johannesburg,18-02-2018,India,0,0,0-49
HH Pandya,21,21,33,1,0,17,0,1,123.52,1,v South Africa,Cape Town,24-02-2018,India,0,0,0-49
HH Pandya,21,21,13,1,0,11,1,2,190.9,2,v New Zealand,Hamilton,10-02-2019,India,0,0,0-49
MS Dhoni,20*,20,22,1,1,12,2,1,166.66,1,v South Africa,Dharamsala,02-10-2015,India,0,0,0-49
MS Dhoni,20*,20,7,1,1,6,1,2,333.33,2,v Bangladesh,Dhaka,06-03-2016,India,0,0,0-49
AR Patel,20*,20,20,1,1,11,0,1,181.81,1,v Zimbabwe,Harare,22-06-2016,India,0,0,0-49
V Kohli,20*,20,-,1,1,22,0,1,90.9,2,v England,Manchester,03-07-2018,India,0,0,0-49
MS Dhoni,20*,20,23,1,1,17,1,0,117.64,2,v New Zealand,Auckland,08-02-2019,India,0,0,0-49
KH Pandya,20*,20,-,1,1,13,0,2,153.84,1,v West Indies,Lauderhill,04-08-2019,India,0,0,0-49
IK Pathan,20,20,11,1,0,15,0,2,133.33,1,v Pakistan,Durban,14-09-2007,India,0,0,0-49
YK Pathan,20,20,7,1,0,8,0,3,250,1,v New Zealand,Christchurch,25-02-2009,India,0,0,0-49
G Gambhir,20,20,27,1,0,14,3,0,142.85,2,v Australia,Sydney,01-02-2012,India,0,0,0-49
SK Raina,20,20,33,1,0,20,1,1,100,1,v Sri Lanka,Pune,09-02-2016,India,0,0,0-49
AT Rayudu,20,20,47,1,0,26,1,0,76.92,1,v Zimbabwe,Harare,22-06-2016,India,0,0,0-49
RR Pant,20,20,-,1,0,16,1,1,125,2,v Australia,Brisbane,21-11-2018,India,0,0,0-49
KH Pandya,20,20,24,1,0,18,1,1,111.11,2,v New Zealand,Wellington,06-02-2019,India,0,0,0-49
KL Rahul,20,20,-,1,0,18,2,1,111.11,2,v West Indies,Providence,06-08-2019,India,0,0,0-49
SN Thakur,20,20,22,1,0,15,2,0,133.33,1,v New Zealand,Wellington,31-01-2020,India,0,0,0-49
S Sreesanth,19*,19,11,1,1,10,4,0,190,2,v New Zealand,Johannesburg,16-09-2007,India,0,0,0-49
Yuvraj Singh,19*,19,24,1,1,16,2,0,118.75,2,v Pakistan,Colombo (RPS),30-09-2012,India,0,0,0-49
MS Dhoni,19*,19,-,1,1,17,1,0,111.76,2,v Zimbabwe,Harare,18-06-2016,India,0,0,0-49
G Gambhir,19,19,19,1,0,19,3,0,100,1,v South Africa,Durban,20-09-2007,India,0,0,0-49
RA Jadeja,19,19,14,1,0,16,1,1,118.75,1,v New Zealand,Wellington,27-02-2009,India,0,0,0-49
AB Dinda,19,19,-,1,0,20,1,0,95,2,v Sri Lanka,Nagpur,09-12-2009,India,0,0,0-49
AM Rahane,19,19,25,1,0,13,0,2,146.15,2,v England,Pune,20-12-2012,India,0,0,0-49
SK Raina,19,19,17,1,0,13,2,1,146.15,2,v Australia,Rajkot,10-10-2013,India,0,0,0-49
AM Rahane,19,19,34,1,0,16,2,0,118.75,1,v Australia,Dhaka,30-03-2014,India,0,0,0-49
MK Pandey,19,19,23,1,0,19,1,1,100,1,v Zimbabwe,Harare,17-07-2015,India,0,0,0-49
SV Samson,19,19,-,1,0,24,1,0,79.16,2,v Zimbabwe,Harare,19-07-2015,India,0,0,0-49
AT Rayudu,19,19,-,1,0,16,4,0,118.75,2,v Zimbabwe,Harare,18-06-2016,India,0,0,0-49
KM Jadhav,19,19,-,1,0,13,1,1,146.15,2,v Zimbabwe,Harare,18-06-2016,India,0,0,0-49
KL Rahul,19,19,-,1,0,10,1,2,190,2,v England,Bristol,08-07-2018,India,0,0,0-49
MK Pandey,19,19,-,1,0,24,2,0,79.16,2,v West Indies,Kolkata,04-11-2018,India,0,0,0-49
V Kohli,19,19,-,1,0,29,1,0,65.51,2,v West Indies,Lauderhill,03-08-2019,India,0,0,0-49
MK Pandey,19,19,-,1,0,14,2,0,135.71,2,v West Indies,Lauderhill,03-08-2019,India,0,0,0-49
RR Pant,19,19,25,1,0,20,1,1,95,1,v South Africa,Bengaluru,22-09-2019,India,0,0,0-49
RA Jadeja,19,19,22,1,0,17,1,1,111.76,1,v South Africa,Bengaluru,22-09-2019,India,0,0,0-49
S Dhawan,19,19,-,1,0,16,4,0,118.75,1,v Bangladesh,Nagpur,10-11-2019,India,0,0,0-49
V Kohli,19,19,-,1,0,17,2,0,111.76,1,v West Indies,Thiruvananthapuram,08-12-2019,India,0,0,0-49
RV Uthappa,18*,18,36,1,1,19,1,0,94.73,2,v South Africa,Johannesburg,30-03-2012,India,0,0,0-49
MS Dhoni,18*,18,21,1,1,9,2,1,200,1,v Afghanistan,Colombo (RPS),19-09-2012,India,0,0,0-49
MS Dhoni,18*,18,29,1,1,10,3,0,180,2,v Australia,Mohali,27-03-2016,India,0,0,0-49
KD Karthik,18*,18,27,1,1,12,0,1,150,2,v Sri Lanka,Mumbai,24-12-2017,India,0,0,0-49
SK Raina,18,18,14,1,0,13,1,1,138.46,2,v Afghanistan,Gros Islet,01-05-2010,India,0,0,0-49
Yuvraj Singh,18,18,26,1,0,20,0,1,90,1,v Afghanistan,Colombo (RPS),19-09-2012,India,0,0,0-49
Yuvraj Singh,18,18,24,1,0,17,2,0,105.88,2,v South Africa,Dhaka,04-04-2014,India,0,0,0-49
RG Sharma,18,18,29,1,0,16,1,1,112.5,1,v Bangladesh,Bengaluru,23-03-2016,India,0,0,0-49
AR Patel,18,18,-,1,0,9,1,2,200,2,v Zimbabwe,Harare,18-06-2016,India,0,0,0-49
KL Rahul,18,18,-,1,0,17,1,0,105.88,2,v Sri Lanka,Colombo (RPS),12-03-2018,India,0,0,0-49
RR Pant,18,18,-,1,0,9,0,2,200,2,v West Indies,Hyderabad (Deccan),06-12-2019,India,0,0,0-49
R Ashwin,17*,17,14,1,1,11,3,0,154.54,1,v England,Kolkata,29-10-2011,India,0,0,0-49
KD Karthik,17,17,18,1,0,12,3,0,141.66,2,v New Zealand,Johannesburg,16-09-2007,India,0,0,0-49
Yuvraj Singh,17,17,14,1,0,9,0,2,188.88,2,v England,Lord's,14-06-2009,India,0,0,0-49
YK Pathan,17,17,12,1,0,10,0,2,170,2,v West Indies,Bridgetown,09-05-2010,India,0,0,0-49
G Gambhir,17,17,12,1,0,12,3,0,141.66,1,v Australia,Colombo (RPS),28-09-2012,India,0,0,0-49
V Sehwag,17,17,25,1,0,14,1,1,121.42,1,v South Africa,Colombo (RPS),02-10-2012,India,0,0,0-49
G Gambhir,17,17,52,1,0,27,1,0,62.96,1,v England,Mumbai,22-12-2012,India,0,0,0-49
MK Pandey,17,17,16,1,0,11,1,1,154.54,1,v New Zealand,Thiruvananthapuram,07-11-2017,India,0,0,0-49
RG Sharma,17,17,21,1,0,13,2,0,130.76,1,v Sri Lanka,Cuttack,20-12-2017,India,0,0,0-49
RG Sharma,17,17,-,1,0,13,3,0,130.76,2,v Bangladesh,Colombo (RPS),08-03-2018,India,0,0,0-49
V Shankar,17,17,-,1,0,19,3,0,89.47,2,v Bangladesh,Colombo (RPS),18-03-2018,India,0,0,0-49
KL Rahul,17,17,-,1,0,10,4,0,170,2,v West Indies,Chennai,11-11-2018,India,0,0,0-49
SS Iyer,17,17,20,1,0,16,0,1,106.25,1,v New Zealand,Hamilton,29-01-2020,India,0,0,0-49
MS Dhoni,16*,16,6,1,1,6,1,1,266.66,1,v South Africa,Gros Islet,02-05-2010,India,0,0,0-49
MS Dhoni,16*,16,13,1,1,14,2,0,114.28,1,v Sri Lanka,Pallekele,07-08-2012,India,0,0,0-49
R Ashwin,16*,16,18,1,1,12,1,1,133.33,1,v Australia,Colombo (RPS),28-09-2012,India,0,0,0-49
S Dhawan,16*,16,46,1,1,20,3,0,80,2,v U.A.E.,Dhaka,03-03-2016,India,0,0,0-49
MS Dhoni,16*,16,20,1,1,10,2,0,160,2,v Sri Lanka,Mumbai,24-12-2017,India,0,0,0-49
SS Iyer,16*,16,20,1,1,14,2,0,114.28,2,v South Africa,Mohali,18-09-2019,India,0,0,0-49
KD Karthik,16,16,26,1,0,17,2,0,94.11,1,v South Africa,Gros Islet,02-05-2010,India,0,0,0-49
G Gambhir,16,16,23,1,0,16,3,0,100,2,v England,Pune,20-12-2012,India,0,0,0-49
V Kohli,16,16,8,1,0,9,3,0,177.77,2,v West Indies,Lauderhill,27-08-2016,India,0,0,0-49
Kuldeep Yadav,16,16,39,1,0,19,1,0,84.21,1,v Australia,Guwahati,10-10-2017,India,0,0,0-49
MS Dhoni,16,16,17,1,0,11,2,0,145.45,1,v South Africa,Johannesburg,18-02-2018,India,0,0,0-49
KL Rahul,16,16,-,1,0,22,2,0,72.72,2,v West Indies,Kolkata,04-11-2018,India,0,0,0-49
IK Pathan,15*,15,13,1,1,10,0,1,150,1,v New Zealand,Wellington,27-02-2009,India,0,0,0-49
MS Dhoni,15*,15,2,1,1,6,0,2,250,2,v Afghanistan,Gros Islet,01-05-2010,India,0,0,0-49
YK Pathan,15*,15,1,1,1,6,0,2,250,1,v West Indies,Port of Spain,04-06-2011,India,0,0,0-49
Harbhajan Singh,15*,15,5,1,1,7,1,1,214.28,1,v West Indies,Port of Spain,04-06-2011,India,0,0,0-49
R Ashwin,15*,15,30,1,1,16,1,0,93.75,2,v Australia,Sydney,01-02-2012,India,0,0,0-49
Yuvraj Singh,15*,15,28,1,1,12,1,1,125,2,v Australia,Sydney,31-01-2016,India,0,0,0-49
MS Dhoni,15*,15,24,1,1,9,1,0,166.66,1,v West Indies,Mumbai,31-03-2016,India,0,0,0-49
S Dhawan,15*,15,25,1,1,12,3,0,125,2,v Australia,Ranchi,07-10-2017,India,0,0,0-49
KH Pandya,15*,15,-,1,1,8,1,1,187.5,1,v Bangladesh,Delhi,03-11-2019,India,0,0,0-49
RV Uthappa,15,15,22,1,0,16,1,1,93.75,1,v South Africa,Durban,20-09-2007,India,0,0,0-49
YK Pathan,15,15,12,1,0,8,1,1,187.5,1,v Pakistan,Johannesburg,24-09-2007,India,0,0,0-49
G Gambhir,15,15,22,1,0,14,3,0,107.14,2,v West Indies,Bridgetown,09-05-2010,India,0,0,0-49
V Kohli,15,15,21,1,0,16,3,0,93.75,1,v England,Kolkata,29-10-2011,India,0,0,0-49
MK Tiwary,15,15,22,1,0,17,0,0,88.23,1,v England,Kolkata,29-10-2011,India,0,0,0-49
V Kohli,15,15,18,1,0,13,2,0,115.38,1,v Australia,Colombo (RPS),28-09-2012,India,0,0,0-49
MS Dhoni,15,15,21,1,0,21,2,0,71.42,1,v Australia,Colombo (RPS),28-09-2012,India,0,0,0-49
Yuvraj Singh,15,15,29,1,0,16,1,0,93.75,1,v Bangladesh,Dhaka,24-02-2016,India,0,0,0-49
RG Sharma,15,15,15,1,0,14,3,0,107.14,2,v Sri Lanka,Dhaka,01-03-2016,India,0,0,0-49
HH Pandya,15,15,9,1,0,7,2,1,214.28,1,v Bangladesh,Bengaluru,23-03-2016,India,0,0,0-49
SK Raina,15,15,11,1,0,7,2,1,214.28,1,v South Africa,Johannesburg,18-02-2018,India,0,0,0-49
KL Rahul,15,15,-,1,0,17,2,0,88.23,1,v Bangladesh,Delhi,03-11-2019,India,0,0,0-49
RG Sharma,15,15,-,1,0,18,2,0,83.33,1,v West Indies,Thiruvananthapuram,08-12-2019,India,0,0,0-49
Yuvraj Singh,14*,14,66,1,1,32,2,0,43.75,2,v Pakistan,Dhaka,27-02-2016,India,0,0,0-49
HH Pandya,14*,14,11,1,1,10,0,1,140,1,v New Zealand,Thiruvananthapuram,07-11-2017,India,0,0,0-49
Washington Sundar,14*,14,-,1,1,5,0,2,280,1,v Bangladesh,Delhi,03-11-2019,India,0,0,0-49
MK Pandey,14*,14,-,1,1,12,0,1,116.66,2,v New Zealand,Auckland,24-01-2020,India,0,0,0-49
MK Pandey,14*,14,15,1,1,6,1,1,233.33,1,v New Zealand,Hamilton,29-01-2020,India,0,0,0-49
AB Agarkar,14,14,9,1,0,9,2,0,155.55,1,v Pakistan,Durban,14-09-2007,India,0,0,0-49
Yuvraj Singh,14,14,28,1,0,19,1,0,73.68,1,v Pakistan,Johannesburg,24-09-2007,India,0,0,0-49
MS Dhoni,14,14,9,1,0,13,1,0,107.69,2,v Ireland,Nottingham,10-06-2009,India,0,0,0-49
G Gambhir,14,14,23,1,0,13,2,0,107.69,1,v West Indies,Lord's,12-06-2009,India,0,0,0-49
Harbhajan Singh,14,14,18,1,0,15,1,1,93.33,2,v South Africa,Nottingham,16-06-2009,India,0,0,0-49
Harbhajan Singh,14,14,18,1,0,10,1,1,140,2,v West Indies,Bridgetown,09-05-2010,India,0,0,0-49
M Vijay,14,14,11,1,0,12,3,0,116.66,1,v South Africa,Durban,09-01-2011,India,0,0,0-49
V Kohli,14,14,15,1,0,12,2,0,116.66,1,v West Indies,Port of Spain,04-06-2011,India,0,0,0-49
SK Raina,14,14,23,1,0,15,1,0,93.33,2,v Australia,Sydney,01-02-2012,India,0,0,0-49
SK Raina,14,14,16,1,0,8,0,2,175,1,v South Africa,Dharamsala,02-10-2015,India,0,0,0-49
MS Dhoni,14,14,18,1,0,9,2,0,155.55,1,v Australia,Melbourne,29-01-2016,India,0,0,0-49
KL Rahul,14,14,-,1,0,20,0,1,70,2,v Australia,Sydney,25-11-2018,India,0,0,0-49
V Shankar,14,14,14,1,0,8,1,1,175,2,v New Zealand,Auckland,08-02-2019,India,0,0,0-49
S Dhawan,14,14,48,1,0,24,1,0,58.33,1,v Australia,Bengaluru,27-02-2019,India,0,0,0-49
HH Pandya,14,14,37,1,0,18,1,0,77.77,1,v South Africa,Bengaluru,22-09-2019,India,0,0,0-49
Harbhajan Singh,13*,13,3,1,1,4,3,0,325,1,v West Indies,Lord's,12-06-2009,India,0,0,0-49
MS Dhoni,13*,13,15,1,1,9,0,1,144.44,2,v Pakistan,Kolkata,19-03-2016,India,0,0,0-49
MS Dhoni,13*,13,29,1,1,12,1,0,108.33,1,v Bangladesh,Bengaluru,23-03-2016,India,0,0,0-49
RA Jadeja,13*,13,-,1,1,8,0,1,162.5,1,v West Indies,Kingston,09-07-2017,India,0,0,0-49
HH Pandya,13*,13,10,1,1,7,2,0,185.71,1,v South Africa,Johannesburg,18-02-2018,India,0,0,0-49
KD Karthik,13*,13,-,1,1,6,2,0,216.66,1,v Sri Lanka,Colombo (RPS),06-03-2018,India,0,0,0-49
G Gambhir,13,13,6,1,0,6,3,0,216.66,2,v Sri Lanka,Colombo (RPS),10-02-2009,India,0,0,0-49
MS Dhoni,13,13,17,1,0,17,1,0,76.47,2,v Sri Lanka,Colombo (RPS),10-02-2009,India,0,0,0-49
Harbhajan Singh,13,13,15,1,0,11,1,1,118.18,2,v Australia,Bridgetown,07-05-2010,India,0,0,0-49
KD Karthik,13,13,20,1,0,12,2,0,108.33,1,v Sri Lanka,Gros Islet,11-05-2010,India,0,0,0-49
YK Pathan,13,13,10,1,0,9,2,0,144.44,1,v Sri Lanka,Gros Islet,11-05-2010,India,0,0,0-49
M Vijay,13,13,-,1,0,11,0,1,118.18,2,v Zimbabwe,Harare,19-07-2015,India,0,0,0-49
AR Patel,13,13,-,1,0,15,1,0,86.66,2,v Zimbabwe,Harare,19-07-2015,India,0,0,0-49
RG Sharma,13,13,-,1,0,13,1,1,100,2,v Sri Lanka,Visakhapatnam,14-02-2016,India,0,0,0-49
SK Raina,13,13,14,1,0,13,2,0,100,1,v Bangladesh,Dhaka,24-02-2016,India,0,0,0-49
S Dhawan,13,13,16,1,0,12,1,1,108.33,2,v Australia,Mohali,27-03-2016,India,0,0,0-49
MS Dhoni,13,13,24,1,0,16,1,0,81.25,1,v Australia,Guwahati,10-10-2017,India,0,0,0-49
V Kohli,13,13,6,1,0,6,1,1,216.66,1,v New Zealand,Thiruvananthapuram,07-11-2017,India,0,0,0-49
MK Pandey,13,13,15,1,0,10,0,1,130,1,v South Africa,Cape Town,24-02-2018,India,0,0,0-49
KD Karthik,13,13,10,1,0,6,3,0,216.66,1,v South Africa,Cape Town,24-02-2018,India,0,0,0-49
KL Rahul,13,13,-,1,0,12,1,0,108.33,2,v Australia,Brisbane,21-11-2018,India,0,0,0-49
S Dube,13,13,-,1,0,9,1,1,144.44,2,v New Zealand,Auckland,24-01-2020,India,0,0,0-49
HH Pandya,12*,12,-,1,1,10,0,1,120,1,v England,Cardiff,06-07-2018,India,0,0,0-49
IK Pathan,12,12,13,1,0,14,1,0,85.71,1,v New Zealand,Christchurch,25-02-2009,India,0,0,0-49
Yuvraj Singh,12,12,22,1,0,14,1,0,85.71,2,v West Indies,Bridgetown,09-05-2010,India,0,0,0-49
Yuvraj Singh,12,12,20,1,0,13,1,0,92.3,1,v South Africa,Durban,09-01-2011,India,0,0,0-49
RA Jadeja,12,12,15,1,0,8,2,0,150,1,v Bangladesh,Bengaluru,23-03-2016,India,0,0,0-49
RG Sharma,12,12,25,1,0,17,1,0,70.58,2,v Australia,Mohali,27-03-2016,India,0,0,0-49
Yuvraj Singh,12,12,13,1,0,13,1,0,92.3,1,v England,Kanpur,26-01-2017,India,0,0,0-49
MS Dhoni,12,12,14,1,0,11,1,0,109.09,1,v South Africa,Cape Town,24-02-2018,India,0,0,0-49
KH Pandya,12,12,-,1,0,14,1,0,85.71,2,v West Indies,Lauderhill,03-08-2019,India,0,0,0-49
RG Sharma,12,12,21,1,0,12,0,2,100,2,v South Africa,Mohali,18-09-2019,India,0,0,0-49
S Dube,12,12,18,1,0,9,2,0,133.33,1,v New Zealand,Wellington,31-01-2020,India,0,0,0-49
IK Pathan,11*,11,2,1,1,3,1,1,366.66,1,v Bangladesh,Nottingham,06-06-2009,India,0,0,0-49
MS Dhoni,11*,11,3,1,1,3,1,1,366.66,1,v Australia,Adelaide,26-01-2016,India,0,0,0-49
R Ashwin,11*,11,-,1,1,7,1,0,157.14,1,v West Indies,Kingston,09-07-2017,India,0,0,0-49
NA Saini,11*,11,13,1,1,9,2,0,122.22,1,v New Zealand,Wellington,31-01-2020,India,0,0,0-49
MK Pandey,11*,11,-,1,1,4,1,1,275,1,v New Zealand,Mount Maunganui,02-02-2020,India,0,0,0-49
KD Karthik,11,11,12,1,0,9,2,0,122.22,1,v Pakistan,Durban,14-09-2007,India,0,0,0-49
IK Pathan,11,11,9,1,0,10,2,0,110,2,v New Zealand,Johannesburg,16-09-2007,India,0,0,0-49
V Sehwag,11,11,23,1,0,11,1,0,100,1,v South Africa,Durban,20-09-2007,India,0,0,0-49
MS Dhoni,11,11,24,1,0,23,0,0,47.82,1,v West Indies,Lord's,12-06-2009,India,0,0,0-49
YK Pathan,11,11,11,1,0,7,0,1,157.14,1,v South Africa,Gros Islet,02-05-2010,India,0,0,0-49
Yuvraj Singh,11,11,30,1,0,21,0,0,52.38,1,v Sri Lanka,Dhaka,06-04-2014,India,0,0,0-49
STR Binny,11,11,8,1,0,6,0,1,183.33,1,v Zimbabwe,Harare,17-07-2015,India,0,0,0-49
S Dhawan,11,11,19,1,0,12,2,0,91.66,1,v South Africa,Cuttack,05-10-2015,India,0,0,0-49
R Ashwin,11,11,24,1,0,15,1,0,73.33,1,v South Africa,Cuttack,05-10-2015,India,0,0,0-49
HH Pandya,11,11,3,1,0,4,0,1,275,1,v England,Bengaluru,01-02-2017,India,0,0,0-49
RG Sharma,11,11,5,1,0,7,1,1,157.14,2,v Australia,Ranchi,07-10-2017,India,0,0,0-49
RG Sharma,11,11,9,1,0,8,2,0,137.5,1,v South Africa,Cape Town,24-02-2018,India,0,0,0-49
RG Sharma,11,11,-,1,0,7,1,1,157.14,2,v Sri Lanka,Colombo (RPS),12-03-2018,India,0,0,0-49
MS Dhoni,11,11,8,1,0,5,1,1,220,1,v Ireland,Dublin (Malahide),27-06-2018,India,0,0,0-49
KL Rahul,11,11,-,1,0,11,1,0,100,1,v West Indies,Thiruvananthapuram,08-12-2019,India,0,0,0-49
V Kohli,11,11,21,1,0,12,1,0,91.66,2,v New Zealand,Auckland,26-01-2020,India,0,0,0-49
V Kohli,11,11,16,1,0,9,2,0,122.22,1,v New Zealand,Wellington,31-01-2020,India,0,0,0-49
MS Dhoni,10*,10,22,1,1,8,0,0,125,1,v England,Durban,19-09-2007,India,0,0,0-49
PP Ojha,10*,10,-,1,1,6,0,1,166.66,2,v Sri Lanka,Nagpur,09-12-2009,India,0,0,0-49
MS Dhoni,10*,10,19,1,1,11,0,0,90.9,1,v South Africa,Durban,09-01-2011,India,0,0,0-49
RG Sharma,10*,10,9,1,1,8,0,1,125,2,v West Indies,Lauderhill,28-08-2016,India,0,0,0-49
RA Jadeja,10*,10,-,1,1,9,0,0,111.11,2,v West Indies,Lauderhill,03-08-2019,India,0,0,0-49
RA Jadeja,10*,10,6,1,1,5,0,1,200,1,v New Zealand,Hamilton,29-01-2020,India,0,0,0-49
SR Tendulkar,10,10,18,1,0,12,2,0,83.33,2,v South Africa,Johannesburg,01-12-2006,India,0,0,0-49
G Gambhir,10,10,29,1,0,13,0,1,76.92,1,v New Zealand,Wellington,27-02-2009,India,0,0,0-49
SK Raina,10,10,12,1,0,8,1,0,125,1,v Bangladesh,Nottingham,06-06-2009,India,0,0,0-49
RG Sharma,10,10,22,1,0,15,1,0,66.66,2,v Zimbabwe,Harare,12-06-2010,India,0,0,0-49
NV Ojha,10,10,22,1,0,18,2,0,55.55,2,v Zimbabwe,Harare,13-06-2010,India,0,0,0-49
PA Patel,10,10,19,1,0,12,2,0,83.33,1,v England,Manchester,31-08-2011,India,0,0,0-49
YK Pathan,10,10,17,1,0,12,1,0,83.33,1,v England,Kolkata,29-10-2011,India,0,0,0-49
G Gambhir,10,10,14,1,0,8,1,0,125,1,v Afghanistan,Colombo (RPS),19-09-2012,India,0,0,0-49
Yuvraj Singh,10,10,21,1,0,9,0,1,111.11,1,v Pakistan,Bengaluru,25-12-2012,India,0,0,0-49
SK Raina,10,10,11,1,0,9,1,0,111.11,1,v Pakistan,Bengaluru,25-12-2012,India,0,0,0-49
Yuvraj Singh,10,10,19,1,0,19,1,0,52.63,2,v West Indies,Dhaka,23-03-2014,India,0,0,0-49
Yuvraj Singh,10,10,22,1,0,14,0,1,71.42,1,v Sri Lanka,Pune,09-02-2016,India,0,0,0-49
R Ashwin,10,10,-,1,0,20,0,0,50,2,v New Zealand,Nagpur,15-03-2016,India,0,0,0-49
RG Sharma,10,10,11,1,0,11,2,0,90.9,2,v Pakistan,Kolkata,19-03-2016,India,0,0,0-49
SK Raina,10,10,9,1,0,7,1,0,142.85,2,v Australia,Mohali,27-03-2016,India,0,0,0-49
HH Pandya,10,10,3,1,0,3,1,1,333.33,1,v Sri Lanka,Indore,22-12-2017,India,0,0,0-49
S Dhawan,10,10,-,1,0,7,0,1,142.85,2,v Bangladesh,Colombo (RPS),18-03-2018,India,0,0,0-49
SK Raina,10,10,11,1,0,6,2,0,166.66,1,v Ireland,Dublin (Malahide),27-06-2018,India,0,0,0-49
S Dhawan,10,10,-,1,0,12,1,0,83.33,1,v England,Cardiff,06-07-2018,India,0,0,0-49
SS Iyer,10,10,-,1,0,11,1,0,90.9,1,v West Indies,Thiruvananthapuram,08-12-2019,India,0,0,0-49
MS Dhoni,9*,9,11,1,1,5,0,1,180,2,v Australia,Mumbai (BS),20-10-2007,India,0,0,0-49
MS Dhoni,9*,9,-,1,1,5,1,0,180,1,v Sri Lanka,Ranchi,12-02-2016,India,0,0,0-49
RA Jadeja,9*,9,-,1,1,4,0,1,225,1,v West Indies,Lauderhill,04-08-2019,India,0,0,0-49
S Dube,9*,9,-,1,1,8,0,0,112.5,1,v Bangladesh,Nagpur,10-11-2019,India,0,0,0-49
V Sehwag,9,9,25,1,0,13,1,0,69.23,1,v Australia,Durban,22-09-2007,India,0,0,0-49
G Gambhir,9,9,9,1,0,6,1,0,150,1,v Australia,Melbourne,01-02-2008,India,0,0,0-49
MS Dhoni,9,9,30,1,0,27,0,0,33.33,1,v Australia,Melbourne,01-02-2008,India,0,0,0-49
RG Sharma,9,9,7,1,0,8,1,0,112.5,2,v England,Lord's,14-06-2009,India,0,0,0-49
MS Dhoni,9,9,-,1,0,12,0,0,75,2,v Sri Lanka,Nagpur,09-12-2009,India,0,0,0-49
SK Raina,9,9,9,1,0,7,2,0,128.57,2,v Sri Lanka,Mohali,12-12-2009,India,0,0,0-49
G Gambhir,9,9,14,1,0,10,2,0,90,2,v Australia,Bridgetown,07-05-2010,India,0,0,0-49
Z Khan,9,9,6,1,0,6,0,1,150,2,v Australia,Bridgetown,07-05-2010,India,0,0,0-49
MS Dhoni,9,9,23,1,0,8,1,0,112.5,1,v England,Colombo (RPS),23-09-2012,India,0,0,0-49
V Kohli,9,9,15,1,0,11,1,0,81.81,1,v Pakistan,Bengaluru,25-12-2012,India,0,0,0-49
KM Jadhav,9,9,10,1,0,7,1,0,128.57,1,v Zimbabwe,Harare,17-07-2015,India,0,0,0-49
B Kumar,9,9,-,1,0,6,0,0,150,2,v Zimbabwe,Harare,19-07-2015,India,0,0,0-49
AR Patel,9,9,18,1,0,12,0,0,75,1,v South Africa,Cuttack,05-10-2015,India,0,0,0-49
S Dhawan,9,9,25,1,0,13,0,1,69.23,1,v Sri Lanka,Pune,09-02-2016,India,0,0,0-49
MS Dhoni,9,9,19,1,0,13,1,0,69.23,1,v Zimbabwe,Harare,22-06-2016,India,0,0,0-49
HH Pandya,9,9,14,1,0,12,0,0,75,1,v England,Kanpur,26-01-2017,India,0,0,0-49
RG Sharma,9,9,-,1,0,8,1,0,112.5,2,v Sri Lanka,Colombo (RPS),06-09-2017,India,0,0,0-49
V Kohli,9,9,-,1,0,8,1,0,112.5,1,v Ireland,Dublin (Malahide),29-06-2018,India,0,0,0-49
RG Sharma,9,9,11,1,0,8,2,0,112.5,1,v South Africa,Bengaluru,22-09-2019,India,0,0,0-49
V Kohli,9,9,28,1,0,15,0,0,60,1,v South Africa,Bengaluru,22-09-2019,India,0,0,0-49
RG Sharma,9,9,-,1,0,5,2,0,180,1,v Bangladesh,Delhi,03-11-2019,India,0,0,0-49
RA Jadeja,9,9,-,1,0,11,0,0,81.81,1,v West Indies,Thiruvananthapuram,08-12-2019,India,0,0,0-49
RG Sharma,8*,8,11,1,1,5,0,1,160,1,v Australia,Durban,22-09-2007,India,0,0,0-49
Harbhajan Singh,8*,8,3,1,1,3,1,0,266.66,1,v Zimbabwe,Harare,17-07-2015,India,0,0,0-49
MS Dhoni,8*,8,4,1,1,2,0,1,400,1,v Bangladesh,Dhaka,24-02-2016,India,0,0,0-49
KD Karthik,8*,8,4,1,1,3,2,0,266.66,1,v Australia,Bengaluru,27-02-2019,India,0,0,0-49
Washington Sundar,8*,8,7,1,1,5,0,1,160,2,v West Indies,Lauderhill,03-08-2019,India,0,0,0-49
KL Rahul,8*,8,14,1,1,11,0,0,72.72,2,v Bangladesh,Rajkot,07-11-2019,India,0,0,0-49
S Dube,8*,8,5,1,1,4,0,1,200,2,v New Zealand,Auckland,26-01-2020,India,0,0,0-49
RV Uthappa,8,8,13,1,0,11,1,0,72.72,1,v Pakistan,Johannesburg,24-09-2007,India,0,0,0-49
KD Karthik,8,8,9,1,0,8,1,0,100,1,v Australia,Melbourne,01-02-2008,India,0,0,0-49
RG Sharma,8,8,15,1,0,8,1,0,100,1,v Australia,Melbourne,01-02-2008,India,0,0,0-49
MS Dhoni,8,8,15,1,0,8,1,0,100,1,v England,Manchester,31-08-2011,India,0,0,0-49
V Sehwag,8,8,25,1,0,10,1,0,80,1,v Afghanistan,Colombo (RPS),19-09-2012,India,0,0,0-49
IK Pathan,8,8,14,1,0,8,1,0,100,1,v England,Colombo (RPS),23-09-2012,India,0,0,0-49
Yuvraj Singh,8,8,11,1,0,10,1,0,80,1,v Australia,Colombo (RPS),28-09-2012,India,0,0,0-49
G Gambhir,8,8,15,1,0,12,1,0,66.66,1,v South Africa,Colombo (RPS),02-10-2012,India,0,0,0-49
RG Sharma,8,8,8,1,0,8,0,1,100,2,v Australia,Rajkot,10-10-2013,India,0,0,0-49
AM Rahane,8,8,6,1,0,4,0,1,200,2,v England,Birmingham,07-09-2014,India,0,0,0-49
KL Rahul,8,8,21,1,0,9,1,0,88.88,1,v England,Kanpur,26-01-2017,India,0,0,0-49
RG Sharma,8,8,3,1,0,4,2,0,200,1,v Australia,Guwahati,10-10-2017,India,0,0,0-49
RG Sharma,8,8,11,1,0,9,1,0,88.88,1,v New Zealand,Thiruvananthapuram,07-11-2017,India,0,0,0-49
S Dhawan,8,8,12,1,0,10,1,0,80,2,v Sri Lanka,Colombo (RPS),12-03-2018,India,0,0,0-49
RG Sharma,8,8,11,1,0,10,1,0,80,2,v West Indies,Hyderabad (Deccan),06-12-2019,India,0,0,0-49
RG Sharma,8,8,3,1,0,6,2,0,133.33,2,v New Zealand,Auckland,26-01-2020,India,0,0,0-49
SV Samson,8,8,9,1,0,5,0,1,160,1,v New Zealand,Wellington,31-01-2020,India,0,0,0-49
RA Jadeja,7*,7,14,1,1,6,0,0,116.66,2,v South Africa,Nottingham,16-06-2009,India,0,0,0-49
MS Dhoni,7*,7,6,1,1,3,1,0,233.33,2,v Pakistan,Dhaka,27-02-2016,India,0,0,0-49
MS Dhoni,7*,7,7,1,1,4,0,1,175,2,v Sri Lanka,Dhaka,01-03-2016,India,0,0,0-49
MS Dhoni,7*,7,4,1,1,2,0,1,350,1,v New Zealand,Delhi,01-11-2017,India,0,0,0-49
Harbhajan Singh,7,7,7,1,0,6,1,0,116.66,2,v New Zealand,Johannesburg,16-09-2007,India,0,0,0-49
RG Sharma,7,7,9,1,0,7,0,1,100,1,v New Zealand,Christchurch,25-02-2009,India,0,0,0-49
M Vijay,7,7,14,1,0,14,0,0,50,2,v West Indies,Bridgetown,09-05-2010,India,0,0,0-49
RA Jadeja,7,7,9,1,0,8,1,0,87.5,2,v Australia,Sydney,01-02-2012,India,0,0,0-49
RA Jadeja,7,7,8,1,0,4,1,0,175,2,v England,Birmingham,07-09-2014,India,0,0,0-49
V Kohli,7,7,13,1,0,12,1,0,58.33,1,v Bangladesh,Dhaka,24-02-2016,India,0,0,0-49
AM Rahane,7,7,14,1,0,7,1,0,100,2,v West Indies,Lauderhill,27-08-2016,India,0,0,0-49
SK Raina,7,7,16,1,0,10,0,0,70,1,v England,Nagpur,29-01-2017,India,0,0,0-49
JJ Bumrah,7,7,11,1,0,9,1,0,77.77,1,v Australia,Guwahati,10-10-2017,India,0,0,0-49
RR Pant,7,7,10,1,0,8,1,0,87.5,2,v Bangladesh,Colombo (RPS),08-03-2018,India,0,0,0-49
RG Sharma,7,7,11,1,0,8,0,0,87.5,2,v Australia,Brisbane,21-11-2018,India,0,0,0-49
RG Sharma,7,7,9,1,0,6,0,1,116.66,2,v New Zealand,Auckland,24-01-2020,India,0,0,0-49
B Kumar,6*,6,13,1,1,6,0,0,100,1,v Pakistan,Bengaluru,25-12-2012,India,0,0,0-49
HH Pandya,6*,6,3,1,1,1,0,1,600,1,v Ireland,Dublin (Malahide),27-06-2018,India,0,0,0-49
RV Uthappa,6,6,8,1,0,4,1,0,150,1,v England,Durban,19-09-2007,India,0,0,0-49
MS Dhoni,6,6,9,1,0,10,0,0,60,1,v Pakistan,Johannesburg,24-09-2007,India,0,0,0-49
P Kumar,6,6,8,1,0,10,0,0,60,1,v Australia,Melbourne,01-02-2008,India,0,0,0-49
G Gambhir,6,6,8,1,0,7,1,0,85.71,1,v New Zealand,Christchurch,25-02-2009,India,0,0,0-49
Yuvraj Singh,6,6,7,1,0,8,0,0,75,2,v Sri Lanka,Nagpur,09-12-2009,India,0,0,0-49
YK Pathan,6,6,16,1,0,8,0,0,75,1,v South Africa,Durban,09-01-2011,India,0,0,0-49
G Gambhir,6,6,7,1,0,8,1,0,75,1,v Sri Lanka,Pallekele,07-08-2012,India,0,0,0-49
SK Raina,6,6,11,1,0,10,0,0,60,1,v Australia,Dhaka,30-03-2014,India,0,0,0-49
RA Jadeja,6,6,15,1,0,9,0,0,66.66,1,v Sri Lanka,Pune,09-02-2016,India,0,0,0-49
A Nehra,6,6,21,1,0,19,0,0,31.57,1,v Sri Lanka,Pune,09-02-2016,India,0,0,0-49
S Dhawan,6,6,24,1,0,15,1,0,40,2,v Pakistan,Kolkata,19-03-2016,India,0,0,0-49
MK Pandey,6,6,7,1,0,7,1,0,85.71,1,v Australia,Guwahati,10-10-2017,India,0,0,0-49
S Dhawan,6,6,9,1,0,6,1,0,100,1,v New Zealand,Thiruvananthapuram,07-11-2017,India,0,0,0-49
SS Iyer,6,6,13,1,0,6,0,0,100,1,v New Zealand,Thiruvananthapuram,07-11-2017,India,0,0,0-49
KL Rahul,6,6,7,1,0,8,0,0,75,1,v England,Cardiff,06-07-2018,India,0,0,0-49
RG Sharma,6,6,8,1,0,6,1,0,100,2,v West Indies,Kolkata,04-11-2018,India,0,0,0-49
MK Pandey,6,6,9,1,0,8,0,0,75,1,v West Indies,Lauderhill,04-08-2019,India,0,0,0-49
RR Pant,6,6,11,1,0,9,0,0,66.66,1,v Bangladesh,Nagpur,10-11-2019,India,0,0,0-49
SV Samson,6,6,4,1,0,2,0,1,300,1,v Sri Lanka,Pune,10-01-2020,India,0,0,0-49
I Sharma,5*,5,4,1,1,2,1,0,250,2,v Sri Lanka,Nagpur,09-12-2009,India,0,0,0-49
RA Jadeja,5*,5,10,1,1,6,0,0,83.33,2,v West Indies,Bridgetown,09-05-2010,India,0,0,0-49
R Ashwin,5*,5,4,1,1,2,1,0,250,1,v Bangladesh,Bengaluru,23-03-2016,India,0,0,0-49
RR Pant,5*,5,11,1,1,3,1,0,166.66,1,v England,Bengaluru,01-02-2017,India,0,0,0-49
KD Karthik,5*,5,1,1,1,2,1,0,250,1,v Sri Lanka,Indore,22-12-2017,India,0,0,0-49
V Sehwag,5,5,10,1,0,3,1,0,166.66,1,v Pakistan,Durban,14-09-2007,India,0,0,0-49
Yuvraj Singh,5,5,8,1,0,7,0,0,71.42,2,v New Zealand,Johannesburg,16-09-2007,India,0,0,0-49
V Sehwag,5,5,12,1,0,4,1,0,125,2,v Australia,Mumbai (BS),20-10-2007,India,0,0,0-49
RA Jadeja,5,5,7,1,0,7,0,0,71.42,2,v Sri Lanka,Colombo (RPS),10-02-2009,India,0,0,0-49
RG Sharma,5,5,6,1,0,3,1,0,166.66,1,v West Indies,Lord's,12-06-2009,India,0,0,0-49
SK Raina,5,5,12,1,0,8,0,0,62.5,1,v West Indies,Lord's,12-06-2009,India,0,0,0-49
MS Dhoni,5,5,11,1,0,12,0,0,41.66,2,v South Africa,Nottingham,16-06-2009,India,0,0,0-49
SK Raina,5,5,7,1,0,5,1,0,100,2,v Australia,Bridgetown,07-05-2010,India,0,0,0-49
RG Sharma,5,5,10,1,0,8,1,0,62.5,2,v West Indies,Bridgetown,09-05-2010,India,0,0,0-49
M Vijay,5,5,3,1,0,5,1,0,100,2,v Zimbabwe,Harare,12-06-2010,India,0,0,0-49
S Dhawan,5,5,13,1,0,11,0,0,45.45,1,v West Indies,Port of Spain,04-06-2011,India,0,0,0-49
RG Sharma,5,5,1,1,0,3,1,0,166.66,1,v Australia,Dhaka,30-03-2014,India,0,0,0-49
KM Jadhav,5,5,7,1,0,6,0,0,83.33,2,v Zimbabwe,Harare,19-07-2015,India,0,0,0-49
MS Dhoni,5,5,20,1,0,8,0,0,62.5,1,v South Africa,Cuttack,05-10-2015,India,0,0,0-49
S Dhawan,5,5,24,1,0,8,0,0,62.5,1,v Australia,Adelaide,26-01-2016,India,0,0,0-49
RG Sharma,5,5,6,1,0,7,0,0,71.42,2,v New Zealand,Nagpur,15-03-2016,India,0,0,0-49
Parvez Rasool,5,5,15,1,0,6,0,0,83.33,1,v England,Kanpur,26-01-2017,India,0,0,0-49
MS Dhoni,5,5,16,1,0,7,0,0,71.42,1,v England,Nagpur,29-01-2017,India,0,0,0-49
RG Sharma,5,5,9,1,0,6,1,0,83.33,2,v New Zealand,Rajkot,04-11-2017,India,0,0,0-49
AR Patel,5,5,5,1,0,3,1,0,166.66,2,v New Zealand,Rajkot,04-11-2017,India,0,0,0-49
RG Sharma,5,5,8,1,0,9,1,0,55.55,1,v England,Cardiff,06-07-2018,India,0,0,0-49
S Dhawan,5,5,5,1,0,3,1,0,166.66,2,v England,Bristol,08-07-2018,India,0,0,0-49
RR Pant,5,5,6,1,0,6,1,0,83.33,1,v West Indies,Lucknow,06-11-2018,India,0,0,0-49
KD Karthik,5,5,8,1,0,6,0,0,83.33,2,v New Zealand,Wellington,06-02-2019,India,0,0,0-49
S Dhawan,5,5,2,1,0,4,1,0,125,2,v New Zealand,Hamilton,10-02-2019,India,0,0,0-49
RG Sharma,5,5,11,1,0,8,0,0,62.5,1,v Australia,Visakhapatnam,24-02-2019,India,0,0,0-49
SS Iyer,5,5,21,1,0,8,0,0,62.5,1,v South Africa,Bengaluru,22-09-2019,India,0,0,0-49
S Dube,5,5,8,1,0,6,1,0,83.33,1,v New Zealand,Mount Maunganui,02-02-2020,India,0,0,0-49
KD Karthik,4*,4,2,1,1,1,1,0,400,2,v Sri Lanka,Mohali,12-12-2009,India,0,0,0-49
RG Sharma,4*,4,2,1,1,2,0,0,200,2,v New Zealand,Chennai,11-09-2012,India,0,0,0-49
RG Sharma,4*,4,1,1,1,2,1,0,200,1,v Pakistan,Ahmedabad,28-12-2012,India,0,0,0-49
MS Dhoni,4*,4,10,1,1,7,0,0,57.14,1,v Sri Lanka,Dhaka,06-04-2014,India,0,0,0-49
AM Rahane,4*,4,9,1,1,4,0,0,100,2,v West Indies,Lauderhill,28-08-2016,India,0,0,0-49
MK Pandey,4*,4,8,1,1,6,0,0,66.66,2,v West Indies,Chennai,11-11-2018,India,0,0,0-49
Kuldeep Yadav,4*,4,2,1,1,1,1,0,400,2,v Australia,Brisbane,21-11-2018,India,0,0,0-49
RG Sharma,4,4,13,1,0,11,0,0,36.36,2,v Sri Lanka,Colombo (RPS),10-02-2009,India,0,0,0-49
Z Khan,4,4,1,1,0,3,0,0,133.33,2,v South Africa,Nottingham,16-06-2009,India,0,0,0-49
G Gambhir,4,4,11,1,0,6,0,0,66.66,2,v Afghanistan,Gros Islet,01-05-2010,India,0,0,0-49
RA Jadeja,4,4,6,1,0,5,0,0,80,2,v Australia,Bridgetown,07-05-2010,India,0,0,0-49
YK Pathan,4,4,16,1,0,7,0,0,57.14,2,v Zimbabwe,Harare,13-06-2010,India,0,0,0-49
V Kohli,4,4,5,1,0,5,0,0,80,1,v England,Manchester,31-08-2011,India,0,0,0-49
R Ashwin,4,4,1,1,0,2,1,0,200,1,v England,Manchester,31-08-2011,India,0,0,0-49
V Sehwag,4,4,2,1,0,3,1,0,133.33,2,v Australia,Sydney,01-02-2012,India,0,0,0-49
Yuvraj Singh,4,4,6,1,0,5,0,0,80,1,v England,Mumbai,22-12-2012,India,0,0,0-49
AM Rahane,4,4,5,1,0,3,1,0,133.33,2,v Zimbabwe,Harare,19-07-2015,India,0,0,0-49
AM Rahane,4,4,3,1,0,4,1,0,100,1,v Sri Lanka,Pune,09-02-2016,India,0,0,0-49
Yuvraj Singh,4,4,4,1,0,5,1,0,80,2,v New Zealand,Nagpur,15-03-2016,India,0,0,0-49
Mandeep Singh,4,4,14,1,0,6,0,0,66.66,1,v Zimbabwe,Harare,22-06-2016,India,0,0,0-49
Yuvraj Singh,4,4,9,1,0,12,0,0,33.33,1,v England,Nagpur,29-01-2017,India,0,0,0-49
KM Jadhav,4,4,5,1,0,4,0,0,100,1,v West Indies,Kingston,09-07-2017,India,0,0,0-49
KL Rahul,4,4,14,1,0,9,0,0,44.44,2,v Sri Lanka,Mumbai,24-12-2017,India,0,0,0-49
HH Pandya,4,4,7,1,0,4,0,0,100,2,v Sri Lanka,Mumbai,24-12-2017,India,0,0,0-49
S Dhawan,4,4,7,1,0,4,1,0,100,2,v England,Manchester,03-07-2018,India,0,0,0-49
RG Sharma,4,4,9,1,0,6,1,0,66.66,2,v West Indies,Chennai,11-11-2018,India,0,0,0-49
V Kohli,4,4,13,1,0,8,0,0,50,2,v Australia,Brisbane,21-11-2018,India,0,0,0-49
RR Pant,4,4,13,1,0,10,0,0,40,2,v New Zealand,Wellington,06-02-2019,India,0,0,0-49
HH Pandya,4,4,3,1,0,4,1,0,100,2,v New Zealand,Wellington,06-02-2019,India,0,0,0-49
RR Pant,4,4,7,1,0,5,0,0,80,1,v West Indies,Lauderhill,04-08-2019,India,0,0,0-49
RR Pant,4,4,11,1,0,5,0,0,80,2,v South Africa,Mohali,18-09-2019,India,0,0,0-49
KH Pandya,4,4,8,1,0,7,0,0,57.14,1,v South Africa,Bengaluru,22-09-2019,India,0,0,0-49
Washington Sundar,4,4,3,1,0,1,1,0,400,1,v South Africa,Bengaluru,22-09-2019,India,0,0,0-49
SS Iyer,4,4,8,1,0,6,0,0,66.66,2,v West Indies,Hyderabad (Deccan),06-12-2019,India,0,0,0-49
SS Iyer,4,4,3,1,0,2,1,0,200,1,v Sri Lanka,Pune,10-01-2020,India,0,0,0-49
SK Raina,3*,3,15,1,1,4,0,0,75,2,v South Africa,Johannesburg,01-12-2006,India,0,0,0-49
IK Pathan,3*,3,9,1,1,3,0,0,100,1,v Pakistan,Johannesburg,24-09-2007,India,0,0,0-49
I Sharma,3*,3,8,1,1,6,0,0,50,1,v Australia,Melbourne,01-02-2008,India,0,0,0-49
Yuvraj Singh,3*,3,7,1,1,4,0,0,75,2,v Ireland,Nottingham,10-06-2009,India,0,0,0-49
AB Dinda,3*,3,8,1,1,4,0,0,75,1,v Pakistan,Bengaluru,25-12-2012,India,0,0,0-49
AT Rayudu,3*,3,15,1,1,5,0,0,60,2,v England,Birmingham,07-09-2014,India,0,0,0-49
MM Sharma,3*,3,4,1,1,3,0,0,100,2,v Zimbabwe,Harare,19-07-2015,India,0,0,0-49
YS Chahal,3*,3,1,1,1,2,0,0,150,1,v Australia,Guwahati,10-10-2017,India,0,0,0-49
B Kumar,3*,3,2,1,1,1,0,0,300,1,v South Africa,Cape Town,24-02-2018,India,0,0,0-49
SK Raina,3,3,7,1,0,8,0,0,37.5,2,v South Africa,Nottingham,16-06-2009,India,0,0,0-49
RG Sharma,3,3,6,1,0,4,0,0,75,2,v Sri Lanka,Nagpur,09-12-2009,India,0,0,0-49
G Gambhir,3,3,12,1,0,6,0,0,50,2,v New Zealand,Chennai,11-09-2012,India,0,0,0-49
AM Rahane,3,3,8,1,0,5,0,0,60,1,v England,Mumbai,22-12-2012,India,0,0,0-49
RA Jadeja,3,3,9,1,0,3,0,0,100,1,v Australia,Dhaka,30-03-2014,India,0,0,0-49
AM Rahane,3,3,6,1,0,8,0,0,37.5,1,v Sri Lanka,Dhaka,06-04-2014,India,0,0,0-49
S Dhawan,3,3,16,1,0,4,0,0,75,1,v South Africa,Dharamsala,02-10-2015,India,0,0,0-49
Yuvraj Singh,3,3,8,1,0,6,0,0,50,1,v Bangladesh,Bengaluru,23-03-2016,India,0,0,0-49
MK Pandey,3,3,4,1,0,5,0,0,60,1,v England,Kanpur,26-01-2017,India,0,0,0-49
S Dhawan,3,3,13,1,0,8,0,0,37.5,2,v West Indies,Kolkata,04-11-2018,India,0,0,0-49
RR Pant,3,3,6,1,0,5,0,0,60,1,v Australia,Visakhapatnam,24-02-2019,India,0,0,0-49
S Dhawan,3,3,7,1,0,5,0,0,60,2,v West Indies,Providence,06-08-2019,India,0,0,0-49
S Dube,3,3,11,1,0,7,0,0,42.85,1,v New Zealand,Hamilton,29-01-2020,India,0,0,0-49
RP Singh,2*,2,4,1,1,2,0,0,100,2,v South Africa,Nottingham,16-06-2009,India,0,0,0-49
R Vinay Kumar,2*,2,5,1,1,4,0,0,50,1,v England,Manchester,31-08-2011,India,0,0,0-49
R Ashwin,2*,2,5,1,1,3,0,0,66.66,1,v Australia,Dhaka,30-03-2014,India,0,0,0-49
AR Patel,2*,2,7,1,1,3,0,0,66.66,1,v South Africa,Dharamsala,02-10-2015,India,0,0,0-49
B Kumar,2*,2,12,1,1,3,0,0,66.66,2,v New Zealand,Rajkot,04-11-2017,India,0,0,0-49
KD Karthik,2*,2,3,1,1,2,0,0,100,2,v Bangladesh,Colombo (RPS),08-03-2018,India,0,0,0-49
KD Karthik,2*,2,4,1,1,2,0,0,100,1,v Bangladesh,Colombo (RPS),14-03-2018,India,0,0,0-49
MK Pandey,2*,2,7,1,1,5,0,0,40,2,v West Indies,Providence,06-08-2019,India,0,0,0-49
MS Dhoni,2,2,5,1,0,6,0,0,33.33,1,v New Zealand,Christchurch,25-02-2009,India,0,0,0-49
IK Pathan,2,2,7,1,0,3,0,0,66.66,1,v West Indies,Lord's,12-06-2009,India,0,0,0-49
SK Raina,2,2,7,1,0,5,0,0,40,2,v England,Lord's,14-06-2009,India,0,0,0-49
M Vijay,2,2,8,1,0,7,0,0,28.57,2,v Australia,Bridgetown,07-05-2010,India,0,0,0-49
MS Dhoni,2,2,10,1,0,8,0,0,25,2,v Australia,Bridgetown,07-05-2010,India,0,0,0-49
NV Ojha,2,2,12,1,0,9,0,0,22.22,2,v Zimbabwe,Harare,12-06-2010,India,0,0,0-49
SK Raina,2,2,5,1,0,6,0,0,33.33,1,v West Indies,Port of Spain,04-06-2011,India,0,0,0-49
V Kohli,2,2,5,1,0,6,0,0,33.33,1,v South Africa,Colombo (RPS),02-10-2012,India,0,0,0-49
RG Sharma,2,2,8,1,0,2,0,0,100,1,v Pakistan,Bengaluru,25-12-2012,India,0,0,0-49
RA Jadeja,2,2,4,1,0,4,0,0,50,1,v Pakistan,Bengaluru,25-12-2012,India,0,0,0-49
MS Dhoni,2,2,2,1,0,2,0,0,100,1,v Sri Lanka,Pune,09-02-2016,India,0,0,0-49
HH Pandya,2,2,10,1,0,6,0,0,33.33,1,v Sri Lanka,Pune,09-02-2016,India,0,0,0-49
S Dhawan,2,2,6,1,0,4,0,0,50,1,v Bangladesh,Dhaka,24-02-2016,India,0,0,0-49
HH Pandya,2,2,3,1,0,4,0,0,50,2,v Sri Lanka,Dhaka,01-03-2016,India,0,0,0-49
HH Pandya,2,2,3,1,0,3,0,0,66.66,1,v England,Nagpur,29-01-2017,India,0,0,0-49
V Kohli,2,2,6,1,0,4,0,0,50,1,v England,Bengaluru,01-02-2017,India,0,0,0-49
MS Dhoni,2,2,4,1,0,3,0,0,66.66,1,v West Indies,Kingston,09-07-2017,India,0,0,0-49
S Dhawan,2,2,25,1,0,6,0,0,33.33,1,v Australia,Guwahati,10-10-2017,India,0,0,0-49
KH Pandya,2,2,6,1,0,4,0,0,50,2,v Australia,Brisbane,21-11-2018,India,0,0,0-49
MS Dhoni,2,2,9,1,0,4,0,0,50,2,v New Zealand,Hamilton,10-02-2019,India,0,0,0-49
UT Yadav,2,2,8,1,0,4,0,0,50,1,v Australia,Visakhapatnam,24-02-2019,India,0,0,0-49
RG Sharma,2,2,8,1,0,6,0,0,33.33,1,v Bangladesh,Nagpur,10-11-2019,India,0,0,0-49
SV Samson,2,2,7,1,0,5,0,0,40,1,v New Zealand,Mount Maunganui,02-02-2020,India,0,0,0-49
S Sreesanth,1*,1,2,1,1,3,0,0,33.33,1,v Pakistan,Durban,14-09-2007,India,0,0,0-49
RP Singh,1*,1,5,1,1,1,0,0,100,2,v New Zealand,Johannesburg,16-09-2007,India,0,0,0-49
YK Pathan,1*,1,10,1,1,1,0,0,100,1,v Bangladesh,Nottingham,06-06-2009,India,0,0,0-49
RG Sharma,1*,1,2,1,1,1,0,0,100,1,v Afghanistan,Colombo (RPS),19-09-2012,India,0,0,0-49
SK Raina,1*,1,2,1,1,1,0,0,100,1,v England,Colombo (RPS),23-09-2012,India,0,0,0-49
Harbhajan Singh,1*,1,2,1,1,1,0,0,100,1,v Australia,Colombo (RPS),28-09-2012,India,0,0,0-49
SK Raina,1*,1,4,1,1,1,0,0,100,1,v Pakistan,Ahmedabad,28-12-2012,India,0,0,0-49
SK Raina,1*,1,2,1,1,1,0,0,100,2,v West Indies,Dhaka,23-03-2014,India,0,0,0-49
Sandeep Sharma,1*,1,2,1,1,1,0,0,100,2,v Zimbabwe,Harare,19-07-2015,India,0,0,0-49
RA Jadeja,1*,1,3,1,1,1,0,0,100,1,v Sri Lanka,Ranchi,12-02-2016,India,0,0,0-49
R Dhawan,1*,1,3,1,1,2,0,0,50,2,v Zimbabwe,Harare,18-06-2016,India,0,0,0-49
DS Kulkarni,1*,1,7,1,1,1,0,0,100,1,v Zimbabwe,Harare,22-06-2016,India,0,0,0-49
MS Dhoni,1*,1,1,1,1,1,0,0,100,2,v Sri Lanka,Colombo (RPS),06-09-2017,India,0,0,0-49
JJ Bumrah,1*,1,2,1,1,2,0,0,50,2,v New Zealand,Rajkot,04-11-2017,India,0,0,0-49
MK Pandey,1*,1,4,1,1,1,0,0,100,1,v Sri Lanka,Indore,22-12-2017,India,0,0,0-49
AR Patel,1*,1,5,1,1,1,0,0,100,1,v South Africa,Cape Town,24-02-2018,India,0,0,0-49
B Kumar,1*,1,2,1,1,1,0,0,100,2,v Australia,Brisbane,21-11-2018,India,0,0,0-49
KK Ahmed,1*,1,2,1,1,1,0,0,100,2,v New Zealand,Wellington,06-02-2019,India,0,0,0-49
DL Chahar,1*,1,2,1,1,1,0,0,100,1,v West Indies,Thiruvananthapuram,08-12-2019,India,0,0,0-49
RR Pant,1*,1,2,1,1,1,0,0,100,2,v Sri Lanka,Indore,07-01-2020,India,0,0,0-49
Yuvraj Singh,1,1,8,1,0,4,0,0,25,1,v Pakistan,Durban,14-09-2007,India,0,0,0-49
Harbhajan Singh,1,1,4,1,0,4,0,0,25,1,v Pakistan,Durban,14-09-2007,India,0,0,0-49
AB Agarkar,1,1,4,1,0,2,0,0,50,2,v New Zealand,Johannesburg,16-09-2007,India,0,0,0-49
RV Uthappa,1,1,7,1,0,3,0,0,33.33,1,v Australia,Melbourne,01-02-2008,India,0,0,0-49
Harbhajan Singh,1,1,5,1,0,3,0,0,33.33,1,v Australia,Melbourne,01-02-2008,India,0,0,0-49
V Sehwag,1,1,4,1,0,1,0,0,100,2,v Sri Lanka,Colombo (RPS),10-02-2009,India,0,0,0-49
Yuvraj Singh,1,1,4,1,0,3,0,0,33.33,1,v New Zealand,Christchurch,25-02-2009,India,0,0,0-49
Yuvraj Singh,1,1,5,1,0,2,0,0,50,2,v Australia,Bridgetown,07-05-2010,India,0,0,0-49
YK Pathan,1,1,6,1,0,5,0,0,20,2,v Australia,Bridgetown,07-05-2010,India,0,0,0-49
Yuvraj Singh,1,1,2,1,0,2,0,0,50,1,v Sri Lanka,Gros Islet,11-05-2010,India,0,0,0-49
RG Sharma,1,1,7,1,0,3,0,0,33.33,1,v England,Manchester,31-08-2011,India,0,0,0-49
P Kumar,1,1,5,1,0,4,0,0,25,1,v England,Manchester,31-08-2011,India,0,0,0-49
RV Uthappa,1,1,6,1,0,3,0,0,33.33,1,v England,Kolkata,29-10-2011,India,0,0,0-49
RG Sharma,1,1,5,1,0,2,0,0,50,1,v Australia,Colombo (RPS),28-09-2012,India,0,0,0-49
R Ashwin,1,1,5,1,0,3,0,0,33.33,1,v England,Mumbai,22-12-2012,India,0,0,0-49
MS Dhoni,1,1,7,1,0,2,0,0,50,1,v Pakistan,Bengaluru,25-12-2012,India,0,0,0-49
Yuvraj Singh,1,1,3,1,0,2,0,0,50,2,v Pakistan,Dhaka,21-03-2014,India,0,0,0-49
S Dhawan,1,1,11,1,0,6,0,0,16.66,2,v Bangladesh,Dhaka,28-03-2014,India,0,0,0-49
V Kohli,1,1,3,1,0,1,0,0,100,1,v South Africa,Cuttack,05-10-2015,India,0,0,0-49
SK Raina,1,1,10,1,0,4,0,0,25,2,v Pakistan,Dhaka,27-02-2016,India,0,0,0-49
S Dhawan,1,1,9,1,0,3,0,0,33.33,2,v Sri Lanka,Dhaka,01-03-2016,India,0,0,0-49
RG Sharma,1,1,8,1,0,5,0,0,20,2,v Bangladesh,Dhaka,06-03-2016,India,0,0,0-49
S Dhawan,1,1,4,1,0,3,0,0,33.33,2,v New Zealand,Nagpur,15-03-2016,India,0,0,0-49
SK Raina,1,1,5,1,0,2,0,0,50,2,v New Zealand,Nagpur,15-03-2016,India,0,0,0-49
HH Pandya,1,1,10,1,0,7,0,0,14.28,2,v New Zealand,Nagpur,15-03-2016,India,0,0,0-49
B Kumar,1,1,6,1,0,6,0,0,16.66,1,v Australia,Guwahati,10-10-2017,India,0,0,0-49
S Dhawan,1,1,6,1,0,4,0,0,25,2,v New Zealand,Rajkot,04-11-2017,India,0,0,0-49
HH Pandya,1,1,3,1,0,2,0,0,50,2,v New Zealand,Rajkot,04-11-2017,India,0,0,0-49
V Kohli,1,1,6,1,0,5,0,0,20,1,v South Africa,Centurion,21-02-2018,India,0,0,0-49
SK Raina,1,1,5,1,0,3,0,0,33.33,1,v Sri Lanka,Colombo (RPS),06-03-2018,India,0,0,0-49
RR Pant,1,1,6,1,0,4,0,0,25,2,v West Indies,Kolkata,04-11-2018,India,0,0,0-49
RG Sharma,1,1,10,1,0,5,0,0,20,2,v New Zealand,Wellington,06-02-2019,India,0,0,0-49
B Kumar,1,1,3,1,0,3,0,0,33.33,2,v New Zealand,Wellington,06-02-2019,India,0,0,0-49
YS Chahal,1,1,7,1,0,3,0,0,33.33,2,v New Zealand,Wellington,06-02-2019,India,0,0,0-49
KD Karthik,1,1,2,1,0,3,0,0,33.33,1,v Australia,Visakhapatnam,24-02-2019,India,0,0,0-49
KH Pandya,1,1,8,1,0,6,0,0,16.66,1,v Australia,Visakhapatnam,24-02-2019,India,0,0,0-49
RR Pant,1,1,6,1,0,6,0,0,16.66,1,v Australia,Bengaluru,27-02-2019,India,0,0,0-49
S Dhawan,1,1,11,1,0,7,0,0,14.28,2,v West Indies,Lauderhill,03-08-2019,India,0,0,0-49
S Dube,1,1,7,1,0,4,0,0,25,1,v Bangladesh,Delhi,03-11-2019,India,0,0,0-49
SS Iyer,1,1,10,1,0,7,0,0,14.28,1,v New Zealand,Wellington,31-01-2020,India,0,0,0-49
YS Chahal,1,1,6,1,0,2,0,0,50,1,v New Zealand,Wellington,31-01-2020,India,0,0,0-49
IK Pathan,0*,0,1,1,1,0,0,0,-,1,v England,Durban,19-09-2007,India,0,0,0-49
IK Pathan,0*,0,1,1,1,1,0,0,0,1,v South Africa,Durban,20-09-2007,India,0,0,0-49
IK Pathan,0*,0,1,1,1,1,0,0,0,1,v Australia,Durban,22-09-2007,India,0,0,0-49
Z Khan,0*,0,1,1,1,0,0,0,-,1,v West Indies,Lord's,12-06-2009,India,0,0,0-49
Harbhajan Singh,0*,0,1,1,1,0,0,0,-,1,v South Africa,Gros Islet,02-05-2010,India,0,0,0-49
Z Khan,0*,0,1,1,1,1,0,0,0,2,v West Indies,Bridgetown,09-05-2010,India,0,0,0-49
RG Sharma,0*,0,1,1,1,0,0,0,-,2,v Zimbabwe,Harare,13-06-2010,India,0,0,0-49
RA Jadeja,0*,0,3,1,1,0,0,0,-,2,v England,Pune,20-12-2012,India,0,0,0-49
B Kumar,0*,0,1,1,1,1,0,0,0,1,v Australia,Dhaka,30-03-2014,India,0,0,0-49
MS Dhoni,0*,0,3,1,1,1,0,0,0,2,v South Africa,Dhaka,04-04-2014,India,0,0,0-49
MM Sharma,0*,0,9,1,1,4,0,0,0,1,v South Africa,Cuttack,05-10-2015,India,0,0,0-49
SK Raina,0*,0,1,1,1,0,0,0,-,1,v Australia,Melbourne,29-01-2016,India,0,0,0-49
RA Jadeja,0*,0,1,1,1,0,0,0,-,1,v Bangladesh,Dhaka,24-02-2016,India,0,0,0-49
JJ Bumrah,0*,0,4,1,1,2,0,0,0,2,v New Zealand,Nagpur,15-03-2016,India,0,0,0-49
JJ Bumrah,0*,0,2,1,1,0,0,0,-,1,v England,Kanpur,26-01-2017,India,0,0,0-49
JJ Bumrah,0*,0,1,1,1,0,0,0,-,1,v England,Nagpur,29-01-2017,India,0,0,0-49
MS Dhoni,0*,0,3,1,1,0,0,0,-,1,v New Zealand,Thiruvananthapuram,07-11-2017,India,0,0,0-49
Washington Sundar,0*,0,0,1,1,0,0,0,-,2,v Bangladesh,Colombo (RPS),18-03-2018,India,0,0,0-49
MK Pandey,0*,0,1,1,1,0,0,0,-,1,v Ireland,Dublin (Malahide),27-06-2018,India,0,0,0-49
KD Karthik,0*,0,1,1,1,0,0,0,-,2,v West Indies,Chennai,11-11-2018,India,0,0,0-49
YS Chahal,0*,0,15,1,1,4,0,0,0,1,v Australia,Visakhapatnam,24-02-2019,India,0,0,0-49
DL Chahar,0*,0,3,1,1,0,0,0,-,1,v South Africa,Bengaluru,22-09-2019,India,0,0,0-49
NA Saini,0*,0,2,1,1,1,0,0,0,1,v South Africa,Bengaluru,22-09-2019,India,0,0,0-49
S Dube,0*,0,0,1,1,0,0,0,-,2,v West Indies,Hyderabad (Deccan),06-12-2019,India,0,0,0-49
SS Iyer,0*,0,2,1,1,0,0,0,-,1,v West Indies,Mumbai,11-12-2019,India,0,0,0-49
MS Dhoni,0,0,8,1,0,2,0,0,0,2,v South Africa,Johannesburg,01-12-2006,India,0,0,0-49
G Gambhir,0,0,2,1,0,3,0,0,0,1,v Pakistan,Durban,14-09-2007,India,0,0,0-49
RV Uthappa,0,0,3,1,0,2,0,0,0,2,v New Zealand,Johannesburg,16-09-2007,India,0,0,0-49
KD Karthik,0,0,1,1,0,1,0,0,0,1,v South Africa,Durban,20-09-2007,India,0,0,0-49
V Sehwag,0,0,5,1,0,3,0,0,0,1,v Australia,Melbourne,01-02-2008,India,0,0,0-49
S Sreesanth,0,0,1,1,0,1,0,0,0,1,v Australia,Melbourne,01-02-2008,India,0,0,0-49
SK Raina,0,0,4,1,0,4,0,0,0,1,v New Zealand,Wellington,27-02-2009,India,0,0,0-49
YK Pathan,0,0,3,1,0,2,0,0,0,1,v New Zealand,Wellington,27-02-2009,India,0,0,0-49
YK Pathan,0,0,2,1,0,2,0,0,0,2,v South Africa,Nottingham,16-06-2009,India,0,0,0-49
YK Pathan,0,0,1,1,0,2,0,0,0,2,v Sri Lanka,Nagpur,09-12-2009,India,0,0,0-49
M Vijay,0,0,2,1,0,1,0,0,0,1,v South Africa,Gros Islet,02-05-2010,India,0,0,0-49
A Nehra,0,0,1,1,0,1,0,0,0,2,v Australia,Bridgetown,07-05-2010,India,0,0,0-49
A Nehra,0,0,1,1,0,2,0,0,0,2,v West Indies,Bridgetown,09-05-2010,India,0,0,0-49
MM Patel,0,0,1,1,0,1,0,0,0,1,v England,Manchester,31-08-2011,India,0,0,0-49
AM Rahane,0,0,2,1,0,3,0,0,0,1,v England,Kolkata,29-10-2011,India,0,0,0-49
RA Jadeja,0,0,1,1,0,1,0,0,0,1,v England,Kolkata,29-10-2011,India,0,0,0-49
P Kumar,0,0,2,1,0,2,0,0,0,1,v England,Kolkata,29-10-2011,India,0,0,0-49
RG Sharma,0,0,2,1,0,1,0,0,0,2,v Australia,Sydney,01-02-2012,India,0,0,0-49
G Gambhir,0,0,2,1,0,2,0,0,0,2,v Pakistan,Colombo (RPS),30-09-2012,India,0,0,0-49
PP Chawla,0,0,3,1,0,1,0,0,0,1,v England,Mumbai,22-12-2012,India,0,0,0-49
I Sharma,0,0,1,1,0,1,0,0,0,1,v Pakistan,Bengaluru,25-12-2012,India,0,0,0-49
S Dhawan,0,0,10,1,0,3,0,0,0,2,v West Indies,Dhaka,23-03-2014,India,0,0,0-49
MK Pandey,0,0,5,1,0,3,0,0,0,2,v Zimbabwe,Harare,19-07-2015,India,0,0,0-49
AT Rayudu,0,0,1,1,0,1,0,0,0,1,v South Africa,Dharamsala,02-10-2015,India,0,0,0-49
AT Rayudu,0,0,4,1,0,2,0,0,0,1,v South Africa,Cuttack,05-10-2015,India,0,0,0-49
Harbhajan Singh,0,0,1,1,0,1,0,0,0,1,v South Africa,Cuttack,05-10-2015,India,0,0,0-49
B Kumar,0,0,1,1,0,2,0,0,0,1,v South Africa,Cuttack,05-10-2015,India,0,0,0-49
RG Sharma,0,0,2,1,0,2,0,0,0,1,v Sri Lanka,Pune,09-02-2016,India,0,0,0-49
JJ Bumrah,0,0,1,1,0,0,0,0,-,1,v Sri Lanka,Pune,09-02-2016,India,0,0,0-49
Yuvraj Singh,0,0,2,1,0,1,0,0,0,1,v Sri Lanka,Ranchi,12-02-2016,India,0,0,0-49
RG Sharma,0,0,2,1,0,2,0,0,0,2,v Pakistan,Dhaka,27-02-2016,India,0,0,0-49
AM Rahane,0,0,5,1,0,1,0,0,0,2,v Pakistan,Dhaka,27-02-2016,India,0,0,0-49
HH Pandya,0,0,1,1,0,2,0,0,0,2,v Pakistan,Dhaka,27-02-2016,India,0,0,0-49
RA Jadeja,0,0,4,1,0,3,0,0,0,2,v New Zealand,Nagpur,15-03-2016,India,0,0,0-49
A Nehra,0,0,6,1,0,4,0,0,0,2,v New Zealand,Nagpur,15-03-2016,India,0,0,0-49
SK Raina,0,0,1,1,0,1,0,0,0,2,v Pakistan,Kolkata,19-03-2016,India,0,0,0-49
KL Rahul,0,0,1,1,0,1,0,0,0,2,v Zimbabwe,Harare,18-06-2016,India,0,0,0-49
MK Pandey,0,0,2,1,0,1,0,0,0,1,v Zimbabwe,Harare,22-06-2016,India,0,0,0-49
A Mishra,0,0,2,1,0,0,0,0,-,1,v England,Nagpur,29-01-2017,India,0,0,0-49
V Kohli,0,0,2,1,0,2,0,0,0,1,v Australia,Guwahati,10-10-2017,India,0,0,0-49
HH Pandya,0,0,1,1,0,2,0,0,0,1,v New Zealand,Delhi,01-11-2017,India,0,0,0-49
SS Iyer,0,0,1,1,0,1,0,0,0,1,v Sri Lanka,Indore,22-12-2017,India,0,0,0-49
RG Sharma,0,0,5,1,0,1,0,0,0,1,v South Africa,Centurion,21-02-2018,India,0,0,0-49
RG Sharma,0,0,6,1,0,4,0,0,0,1,v Sri Lanka,Colombo (RPS),06-03-2018,India,0,0,0-49
SK Raina,0,0,5,1,0,3,0,0,0,2,v Bangladesh,Colombo (RPS),18-03-2018,India,0,0,0-49
V Kohli,0,0,1,1,0,2,0,0,0,1,v Ireland,Dublin (Malahide),27-06-2018,India,0,0,0-49
RG Sharma,0,0,3,1,0,2,0,0,0,1,v Ireland,Dublin (Malahide),29-06-2018,India,0,0,0-49
RR Pant,0,0,1,1,0,1,0,0,0,2,v Australia,Sydney,25-11-2018,India,0,0,0-49
RR Pant,0,0,1,1,0,1,0,0,0,2,v West Indies,Lauderhill,03-08-2019,India,0,0,0-49
Washington Sundar,0,0,2,1,0,1,0,0,0,1,v West Indies,Thiruvananthapuram,08-12-2019,India,0,0,0-49
RR Pant,0,0,3,1,0,2,0,0,0,1,v West Indies,Mumbai,11-12-2019,India,0,0,0-49
Washington Sundar,0,0,2,1,0,1,0,0,0,1,v Sri Lanka,Pune,10-01-2020,India,0,0,0-49
Washington Sundar,0,0,4,1,0,3,0,0,0,1,v New Zealand,Wellington,31-01-2020,India,0,0,0-49
